ano,semestre,periodo,data,regiao,uf,nome_uf,codigo_ibge,municipio,rede_ensino,serie,matriculados,evasoes,permanencias,taxa_evasao,renda_media_familiar,indice_desempenho,acesso_internet,nivel_risco,faixa_renda,faixa_desempenho,faixa_internet
2015,1,2015-S1,2015-06-01,Norte,AM,Amazonas,13,Manaus,Pública,3º ano,38388,3604,34784,9.39,3302.32,66.53,87.5,Alto,Q4 (mais alto),Q3,Q4 (mais alto)
2015,1,2015-S1,2015-06-01,Norte,AM,Amazonas,13,Manaus,Privada,3º ano,34326,979,33347,2.85,2323.55,85.59,64.6,Baixo,Q1 (mais baixo),Q4 (mais alto),Q2
2015,1,2015-S1,2015-06-01,Norte,PA,Pará,15,Belém,Pública,1º ano,22029,2461,19568,11.17,2728.75,80.67,82.6,Alto,Q2,Q4 (mais alto),Q4 (mais alto)
2015,1,2015-S1,2015-06-01,Norte,PA,Pará,15,Belém,Privada,2º ano,45187,1483,43704,3.28,4389.77,68.68,61.8,Baixo,Q4 (mais alto),Q3,Q2
2015,1,2015-S1,2015-06-01,Norte,PA,Pará,15,Santarém,Pública,3º ano,37786,4071,33715,10.77,2100.56,36.26,73.0,Alto,Q1 (mais baixo),Q1 (mais baixo),Q3
2015,1,2015-S1,2015-06-01,Norte,PA,Pará,15,Santarém,Privada,3º ano,33101,1805,31296,5.45,3496.73,66.14,64.9,Médio,Q4 (mais alto),Q3,Q2
2015,1,2015-S1,2015-06-01,Norte,RO,Rondônia,11,Porto Velho,Pública,2º ano,40385,4054,36331,10.04,1463.28,55.97,72.5,Alto,Q1 (mais baixo),Q1 (mais baixo),Q3
2015,1,2015-S1,2015-06-01,Norte,RO,Rondônia,11,Porto Velho,Privada,1º ano,43779,2286,41493,5.22,2670.85,70.1,71.4,Médio,Q2,Q3,Q3
2015,1,2015-S1,2015-06-01,Norte,TO,Tocantins,17,Palmas,Pública,3º ano,3729,427,3302,11.45,2319.52,68.68,46.9,Alto,Q1 (mais baixo),Q3,Q1 (mais baixo)
2015,1,2015-S1,2015-06-01,Norte,TO,Tocantins,17,Palmas,Privada,3º ano,5609,228,5381,4.06,1771.94,65.75,56.4,Médio,Q1 (mais baixo),Q3,Q1 (mais baixo)
2015,1,2015-S1,2015-06-01,Nordeste,BA,Bahia,29,Salvador,Pública,1º ano,15414,2079,13335,13.49,2604.68,85.58,82.3,Crítico,Q2,Q4 (mais alto),Q4 (mais alto)
2015,1,2015-S1,2015-06-01,Nordeste,BA,Bahia,29,Salvador,Privada,3º ano,8722,43,8679,0.49,2758.5,68.85,58.2,Baixo,Q2,Q3,Q2
2015,1,2015-S1,2015-06-01,Nordeste,BA,Bahia,29,Feira de Santana,Pública,2º ano,45371,6793,38578,14.97,1881.41,50.82,84.8,Crítico,Q1 (mais baixo),Q1 (mais baixo),Q4 (mais alto)
2015,1,2015-S1,2015-06-01,Nordeste,BA,Bahia,29,Feira de Santana,Privada,2º ano,25986,401,25585,1.54,2746.08,81.57,77.5,Baixo,Q2,Q4 (mais alto),Q3
2015,1,2015-S1,2015-06-01,Nordeste,PE,Pernambuco,26,Recife,Pública,3º ano,38835,4816,34019,12.4,3077.74,56.79,73.4,Alto,Q3,Q2,Q3
2015,1,2015-S1,2015-06-01,Nordeste,PE,Pernambuco,26,Recife,Privada,1º ano,41825,1028,40797,2.46,3251.18,60.18,65.4,Baixo,Q3,Q2,Q2
2015,1,2015-S1,2015-06-01,Nordeste,PE,Pernambuco,26,Jaboatão dos Guararapes,Pública,1º ano,41802,3883,37919,9.29,2900.1,56.27,79.2,Alto,Q3,Q1 (mais baixo),Q3
2015,1,2015-S1,2015-06-01,Nordeste,PE,Pernambuco,26,Jaboatão dos Guararapes,Privada,2º ano,4542,201,4341,4.43,1447.01,53.7,74.7,Médio,Q1 (mais baixo),Q1 (mais baixo),Q3
2015,1,2015-S1,2015-06-01,Nordeste,CE,Ceará,23,Fortaleza,Pública,3º ano,35575,3930,31645,11.05,2697.54,58.9,73.2,Alto,Q2,Q2,Q3
2015,1,2015-S1,2015-06-01,Nordeste,CE,Ceará,23,Fortaleza,Privada,2º ano,26354,2484,23870,9.43,3818.53,67.76,52.0,Alto,Q4 (mais alto),Q3,Q1 (mais baixo)
2015,1,2015-S1,2015-06-01,Nordeste,CE,Ceará,23,Juazeiro do Norte,Pública,1º ano,44618,4416,40202,9.9,2755.67,42.37,68.7,Alto,Q2,Q1 (mais baixo),Q2
2015,1,2015-S1,2015-06-01,Nordeste,CE,Ceará,23,Juazeiro do Norte,Privada,2º ano,32705,1277,31428,3.9,3275.28,55.98,58.4,Baixo,Q3,Q1 (mais baixo),Q2
2015,1,2015-S1,2015-06-01,Nordeste,MA,Maranhão,21,São Luís,Pública,3º ano,5135,592,4543,11.53,3218.79,74.39,93.8,Alto,Q3,Q4 (mais alto),Q4 (mais alto)
2015,1,2015-S1,2015-06-01,Nordeste,MA,Maranhão,21,São Luís,Privada,3º ano,33616,1164,32452,3.46,2582.69,59.55,70.7,Baixo,Q2,Q2,Q3
2015,1,2015-S1,2015-06-01,Nordeste,PB,Paraíba,25,João Pessoa,Pública,1º ano,33190,4358,28832,13.13,2548.33,74.94,52.2,Crítico,Q2,Q4 (mais alto),Q1 (mais baixo)
2015,1,2015-S1,2015-06-01,Nordeste,PB,Paraíba,25,João Pessoa,Privada,1º ano,19489,1370,18119,7.03,2230.78,73.07,85.4,Médio,Q1 (mais baixo),Q4 (mais alto),Q4 (mais alto)
2015,1,2015-S1,2015-06-01,Centro-Oeste,DF,Distrito Federal,53,Brasília,Pública,1º ano,23933,2948,20985,12.32,1956.0,63.88,45.5,Alto,Q1 (mais baixo),Q2,Q1 (mais baixo)
2015,1,2015-S1,2015-06-01,Centro-Oeste,DF,Distrito Federal,53,Brasília,Privada,1º ano,16701,547,16154,3.28,1468.59,58.3,67.2,Baixo,Q1 (mais baixo),Q2,Q2
2015,1,2015-S1,2015-06-01,Centro-Oeste,GO,Goiás,52,Goiânia,Pública,2º ano,36906,5067,31839,13.73,3383.3,51.45,46.2,Crítico,Q4 (mais alto),Q1 (mais baixo),Q1 (mais baixo)
2015,1,2015-S1,2015-06-01,Centro-Oeste,GO,Goiás,52,Goiânia,Privada,1º ano,24497,650,23847,2.65,2211.41,47.01,66.9,Baixo,Q1 (mais baixo),Q1 (mais baixo),Q2
2015,1,2015-S1,2015-06-01,Centro-Oeste,GO,Goiás,52,Aparecida de Goiânia,Pública,2º ano,32980,3622,29358,10.98,3810.56,67.44,89.2,Alto,Q4 (mais alto),Q3,Q4 (mais alto)
2015,1,2015-S1,2015-06-01,Centro-Oeste,GO,Goiás,52,Aparecida de Goiânia,Privada,1º ano,8070,230,7840,2.85,2160.79,60.68,81.7,Baixo,Q1 (mais baixo),Q2,Q3
2015,1,2015-S1,2015-06-01,Centro-Oeste,MT,Mato Grosso,51,Cuiabá,Pública,1º ano,19807,1171,18636,5.91,1789.87,55.8,73.9,Médio,Q1 (mais baixo),Q1 (mais baixo),Q3
2015,1,2015-S1,2015-06-01,Centro-Oeste,MT,Mato Grosso,51,Cuiabá,Privada,2º ano,29441,2449,26992,8.32,3301.72,80.07,58.8,Alto,Q4 (mais alto),Q4 (mais alto),Q2
2015,1,2015-S1,2015-06-01,Centro-Oeste,MS,Mato Grosso do Sul,50,Campo Grande,Pública,1º ano,35856,4346,31510,12.12,2106.3,67.5,48.0,Alto,Q1 (mais baixo),Q3,Q1 (mais baixo)
2015,1,2015-S1,2015-06-01,Centro-Oeste,MS,Mato Grosso do Sul,50,Campo Grande,Privada,2º ano,39621,2358,37263,5.95,3535.08,77.02,53.7,Médio,Q4 (mais alto),Q4 (mais alto),Q1 (mais baixo)
2015,1,2015-S1,2015-06-01,Sudeste,SP,São Paulo,35,São Paulo,Pública,2º ano,16181,1420,14761,8.78,2712.58,46.13,54.8,Alto,Q2,Q1 (mais baixo),Q1 (mais baixo)
2015,1,2015-S1,2015-06-01,Sudeste,SP,São Paulo,35,São Paulo,Privada,2º ano,1620,93,1527,5.74,2468.8,74.28,93.2,Médio,Q2,Q4 (mais alto),Q4 (mais alto)
2015,1,2015-S1,2015-06-01,Sudeste,SP,São Paulo,35,Campinas,Pública,3º ano,33979,4176,29803,12.29,3178.77,70.68,67.0,Alto,Q3,Q3,Q2
2015,1,2015-S1,2015-06-01,Sudeste,SP,São Paulo,35,Campinas,Privada,1º ano,9280,414,8866,4.46,934.83,67.13,57.1,Médio,Q1 (mais baixo),Q3,Q2
2015,1,2015-S1,2015-06-01,Sudeste,SP,São Paulo,35,Ribeirão Preto,Pública,1º ano,6886,684,6202,9.93,3756.94,72.15,94.8,Alto,Q4 (mais alto),Q3,Q4 (mais alto)
2015,1,2015-S1,2015-06-01,Sudeste,SP,São Paulo,35,Ribeirão Preto,Privada,1º ano,33241,925,32316,2.78,2010.0,53.6,77.4,Baixo,Q1 (mais baixo),Q1 (mais baixo),Q3
2015,1,2015-S1,2015-06-01,Sudeste,RJ,Rio de Janeiro,33,Rio de Janeiro,Pública,1º ano,49218,6147,43071,12.49,2857.51,60.81,49.7,Alto,Q3,Q2,Q1 (mais baixo)
2015,1,2015-S1,2015-06-01,Sudeste,RJ,Rio de Janeiro,33,Rio de Janeiro,Privada,1º ano,21647,991,20656,4.58,2827.33,60.2,49.1,Médio,Q3,Q2,Q1 (mais baixo)
2015,1,2015-S1,2015-06-01,Sudeste,RJ,Rio de Janeiro,33,Niterói,Pública,1º ano,39208,3990,35218,10.18,3295.62,66.91,82.9,Alto,Q4 (mais alto),Q3,Q4 (mais alto)
2015,1,2015-S1,2015-06-01,Sudeste,RJ,Rio de Janeiro,33,Niterói,Privada,3º ano,16833,1034,15799,6.14,3091.5,59.75,91.3,Médio,Q3,Q2,Q4 (mais alto)
2015,1,2015-S1,2015-06-01,Sudeste,RJ,Rio de Janeiro,33,Nova Iguaçu,Pública,1º ano,33145,2809,30336,8.47,2505.75,75.39,60.8,Alto,Q2,Q4 (mais alto),Q2
2015,1,2015-S1,2015-06-01,Sudeste,RJ,Rio de Janeiro,33,Nova Iguaçu,Privada,2º ano,17300,821,16479,4.75,4003.78,53.3,59.0,Médio,Q4 (mais alto),Q1 (mais baixo),Q2
2015,1,2015-S1,2015-06-01,Sudeste,RJ,Rio de Janeiro,33,Petrópolis,Pública,1º ano,33953,2969,30984,8.74,2718.16,66.31,47.6,Alto,Q2,Q3,Q1 (mais baixo)
2015,1,2015-S1,2015-06-01,Sudeste,RJ,Rio de Janeiro,33,Petrópolis,Privada,2º ano,25438,1686,23752,6.63,3415.73,64.02,86.3,Médio,Q4 (mais alto),Q2,Q4 (mais alto)
2015,1,2015-S1,2015-06-01,Sudeste,MG,Minas Gerais,31,Belo Horizonte,Pública,1º ano,35918,4011,31907,11.17,4041.18,70.04,67.7,Alto,Q4 (mais alto),Q3,Q2
2015,1,2015-S1,2015-06-01,Sudeste,MG,Minas Gerais,31,Belo Horizonte,Privada,2º ano,47885,1579,46306,3.3,1892.63,46.21,93.1,Baixo,Q1 (mais baixo),Q1 (mais baixo),Q4 (mais alto)
2015,1,2015-S1,2015-06-01,Sudeste,MG,Minas Gerais,31,Uberlândia,Pública,1º ano,30111,3575,26536,11.87,3217.86,45.01,66.9,Alto,Q3,Q1 (mais baixo),Q2
2015,1,2015-S1,2015-06-01,Sudeste,MG,Minas Gerais,31,Uberlândia,Privada,1º ano,41088,1773,39315,4.32,3334.06,83.18,93.8,Médio,Q4 (mais alto),Q4 (mais alto),Q4 (mais alto)
2015,1,2015-S1,2015-06-01,Sudeste,MG,Minas Gerais,31,Juiz de Fora,Pública,3º ano,16100,1779,14321,11.05,4060.06,59.68,94.8,Alto,Q4 (mais alto),Q2,Q4 (mais alto)
2015,1,2015-S1,2015-06-01,Sudeste,MG,Minas Gerais,31,Juiz de Fora,Privada,1º ano,29638,433,29205,1.46,3322.77,62.49,85.7,Baixo,Q4 (mais alto),Q2,Q4 (mais alto)
2015,1,2015-S1,2015-06-01,Sudeste,ES,Espírito Santo,32,Vitória,Pública,3º ano,7615,669,6946,8.79,3582.45,51.19,51.0,Alto,Q4 (mais alto),Q1 (mais baixo),Q1 (mais baixo)
2015,1,2015-S1,2015-06-01,Sudeste,ES,Espírito Santo,32,Vitória,Privada,1º ano,27096,1032,26064,3.81,2610.7,56.73,86.1,Baixo,Q2,Q2,Q4 (mais alto)
2015,1,2015-S1,2015-06-01,Sudeste,ES,Espírito Santo,32,Vila Velha,Pública,1º ano,32268,3472,28796,10.76,1561.46,71.85,90.0,Alto,Q1 (mais baixo),Q3,Q4 (mais alto)
2015,1,2015-S1,2015-06-01,Sudeste,ES,Espírito Santo,32,Vila Velha,Privada,3º ano,46537,1868,44669,4.01,2879.78,59.84,51.6,Médio,Q3,Q2,Q1 (mais baixo)
2015,1,2015-S1,2015-06-01,Sudeste,ES,Espírito Santo,32,Serra,Pública,3º ano,24344,2576,21768,10.58,2115.59,59.9,82.5,Alto,Q1 (mais baixo),Q2,Q4 (mais alto)
2015,1,2015-S1,2015-06-01,Sudeste,ES,Espírito Santo,32,Serra,Privada,2º ano,17294,740,16554,4.28,2340.77,56.06,49.1,Médio,Q1 (mais baixo),Q1 (mais baixo),Q1 (mais baixo)
2015,1,2015-S1,2015-06-01,Sul,PR,Paraná,41,Curitiba,Pública,1º ano,15600,1779,13821,11.4,3287.18,70.95,63.8,Alto,Q4 (mais alto),Q3,Q2
2015,1,2015-S1,2015-06-01,Sul,PR,Paraná,41,Curitiba,Privada,3º ano,34455,202,34253,0.59,3816.74,78.02,76.0,Baixo,Q4 (mais alto),Q4 (mais alto),Q3
2015,1,2015-S1,2015-06-01,Sul,PR,Paraná,41,Londrina,Pública,2º ano,25105,2125,22980,8.46,3017.49,64.31,73.6,Alto,Q3,Q2,Q3
2015,1,2015-S1,2015-06-01,Sul,PR,Paraná,41,Londrina,Privada,1º ano,40732,1623,39109,3.98,2435.53,47.64,48.9,Baixo,Q2,Q1 (mais baixo),Q1 (mais baixo)
2015,1,2015-S1,2015-06-01,Sul,SC,Santa Catarina,42,Florianópolis,Pública,1º ano,18964,1833,17131,9.67,2420.58,49.05,93.7,Alto,Q2,Q1 (mais baixo),Q4 (mais alto)
2015,1,2015-S1,2015-06-01,Sul,SC,Santa Catarina,42,Florianópolis,Privada,2º ano,7431,338,7093,4.55,1356.27,67.74,84.3,Médio,Q1 (mais baixo),Q3,Q4 (mais alto)
2015,1,2015-S1,2015-06-01,Sul,SC,Santa Catarina,42,Joinville,Pública,2º ano,21616,3007,18609,13.91,2309.39,94.25,88.6,Crítico,Q1 (mais baixo),Q4 (mais alto),Q4 (mais alto)
2015,1,2015-S1,2015-06-01,Sul,SC,Santa Catarina,42,Joinville,Privada,3º ano,32072,2900,29172,9.04,4597.91,47.04,47.3,Alto,Q4 (mais alto),Q1 (mais baixo),Q1 (mais baixo)
2015,1,2015-S1,2015-06-01,Sul,RS,Rio Grande do Sul,43,Porto Alegre,Pública,3º ano,49963,4071,45892,8.15,2873.64,63.48,76.9,Alto,Q3,Q2,Q3
2015,1,2015-S1,2015-06-01,Sul,RS,Rio Grande do Sul,43,Porto Alegre,Privada,2º ano,18782,737,18045,3.92,3525.77,84.04,50.3,Baixo,Q4 (mais alto),Q4 (mais alto),Q1 (mais baixo)
2015,1,2015-S1,2015-06-01,Sul,RS,Rio Grande do Sul,43,Caxias do Sul,Pública,1º ano,24646,2392,22254,9.71,2047.22,74.51,66.4,Alto,Q1 (mais baixo),Q4 (mais alto),Q2
2015,1,2015-S1,2015-06-01,Sul,RS,Rio Grande do Sul,43,Caxias do Sul,Privada,2º ano,39028,1863,37165,4.77,2537.03,69.38,66.2,Médio,Q2,Q3,Q2
2015,2,2015-S2,2015-12-01,Norte,AM,Amazonas,13,Manaus,Pública,3º ano,43150,5433,37717,12.59,2191.11,58.87,70.0,Alto,Q1 (mais baixo),Q2,Q3
2015,2,2015-S2,2015-12-01,Norte,AM,Amazonas,13,Manaus,Privada,1º ano,9826,345,9481,3.51,3314.21,73.89,60.1,Baixo,Q4 (mais alto),Q4 (mais alto),Q2
2015,2,2015-S2,2015-12-01,Norte,PA,Pará,15,Belém,Pública,3º ano,15203,1525,13678,10.03,3520.34,75.53,45.7,Alto,Q4 (mais alto),Q4 (mais alto),Q1 (mais baixo)
2015,2,2015-S2,2015-12-01,Norte,PA,Pará,15,Belém,Privada,3º ano,30101,2087,28014,6.93,2068.15,62.13,48.7,Médio,Q1 (mais baixo),Q2,Q1 (mais baixo)
2015,2,2015-S2,2015-12-01,Norte,PA,Pará,15,Santarém,Pública,3º ano,8952,977,7975,10.91,1822.56,75.39,72.4,Alto,Q1 (mais baixo),Q4 (mais alto),Q3
2015,2,2015-S2,2015-12-01,Norte,PA,Pará,15,Santarém,Privada,3º ano,45427,1448,43979,3.19,1815.65,87.3,76.9,Baixo,Q1 (mais baixo),Q4 (mais alto),Q3
2015,2,2015-S2,2015-12-01,Norte,RO,Rondônia,11,Porto Velho,Pública,1º ano,38824,2757,36067,7.1,3956.35,68.45,58.4,Médio,Q4 (mais alto),Q3,Q2
2015,2,2015-S2,2015-12-01,Norte,RO,Rondônia,11,Porto Velho,Privada,3º ano,12525,62,12463,0.5,2329.91,89.27,83.8,Baixo,Q1 (mais baixo),Q4 (mais alto),Q4 (mais alto)
2015,2,2015-S2,2015-12-01,Norte,TO,Tocantins,17,Palmas,Pública,3º ano,42069,3641,38428,8.65,2449.58,43.56,90.0,Alto,Q2,Q1 (mais baixo),Q4 (mais alto)
2015,2,2015-S2,2015-12-01,Norte,TO,Tocantins,17,Palmas,Privada,1º ano,31341,501,30840,1.6,3893.78,72.67,94.8,Baixo,Q4 (mais alto),Q4 (mais alto),Q4 (mais alto)
2015,2,2015-S2,2015-12-01,Nordeste,BA,Bahia,29,Salvador,Pública,1º ano,28772,3779,24993,13.13,3716.92,49.39,70.3,Crítico,Q4 (mais alto),Q1 (mais baixo),Q3
2015,2,2015-S2,2015-12-01,Nordeste,BA,Bahia,29,Salvador,Privada,1º ano,9509,493,9016,5.18,2144.66,80.39,49.4,Médio,Q1 (mais baixo),Q4 (mais alto),Q1 (mais baixo)
2015,2,2015-S2,2015-12-01,Nordeste,BA,Bahia,29,Feira de Santana,Pública,2º ano,6756,615,6141,9.1,3100.24,53.74,48.1,Alto,Q3,Q1 (mais baixo),Q1 (mais baixo)
2015,2,2015-S2,2015-12-01,Nordeste,BA,Bahia,29,Feira de Santana,Privada,2º ano,44082,1787,42295,4.05,3410.54,66.72,66.8,Médio,Q4 (mais alto),Q3,Q2
2015,2,2015-S2,2015-12-01,Nordeste,PE,Pernambuco,26,Recife,Pública,3º ano,43106,4403,38703,10.21,2961.73,51.16,72.8,Alto,Q3,Q1 (mais baixo),Q3
2015,2,2015-S2,2015-12-01,Nordeste,PE,Pernambuco,26,Recife,Privada,3º ano,14901,804,14097,5.4,2657.65,72.75,91.3,Médio,Q2,Q4 (mais alto),Q4 (mais alto)
2015,2,2015-S2,2015-12-01,Nordeste,PE,Pernambuco,26,Jaboatão dos Guararapes,Pública,3º ano,35509,3840,31669,10.81,2784.95,70.88,93.6,Alto,Q2,Q3,Q4 (mais alto)
2015,2,2015-S2,2015-12-01,Nordeste,PE,Pernambuco,26,Jaboatão dos Guararapes,Privada,2º ano,39347,2067,37280,5.25,3011.37,36.31,59.2,Médio,Q3,Q1 (mais baixo),Q2
2015,2,2015-S2,2015-12-01,Nordeste,CE,Ceará,23,Fortaleza,Pública,2º ano,28477,1847,26630,6.49,2008.81,63.69,66.9,Médio,Q1 (mais baixo),Q2,Q2
2015,2,2015-S2,2015-12-01,Nordeste,CE,Ceará,23,Fortaleza,Privada,2º ano,45180,1448,43732,3.2,4069.13,66.37,73.5,Baixo,Q4 (mais alto),Q3,Q3
2015,2,2015-S2,2015-12-01,Nordeste,CE,Ceará,23,Juazeiro do Norte,Pública,3º ano,49496,5055,44441,10.21,3260.46,66.18,82.7,Alto,Q3,Q3,Q4 (mais alto)
2015,2,2015-S2,2015-12-01,Nordeste,CE,Ceará,23,Juazeiro do Norte,Privada,1º ano,12678,239,12439,1.89,3127.06,78.83,55.9,Baixo,Q3,Q4 (mais alto),Q1 (mais baixo)
2015,2,2015-S2,2015-12-01,Nordeste,MA,Maranhão,21,São Luís,Pública,1º ano,21131,2374,18757,11.23,3195.46,61.84,91.4,Alto,Q3,Q2,Q4 (mais alto)
2015,2,2015-S2,2015-12-01,Nordeste,MA,Maranhão,21,São Luís,Privada,3º ano,23737,659,23078,2.78,1978.2,80.9,55.5,Baixo,Q1 (mais baixo),Q4 (mais alto),Q1 (mais baixo)
2015,2,2015-S2,2015-12-01,Nordeste,PB,Paraíba,25,João Pessoa,Pública,2º ano,49494,5080,44414,10.26,2973.83,71.76,83.9,Alto,Q3,Q3,Q4 (mais alto)
2015,2,2015-S2,2015-12-01,Nordeste,PB,Paraíba,25,João Pessoa,Privada,1º ano,30918,1253,29665,4.05,3802.19,59.25,78.7,Médio,Q4 (mais alto),Q2,Q3
2015,2,2015-S2,2015-12-01,Centro-Oeste,DF,Distrito Federal,53,Brasília,Pública,3º ano,39713,5669,34044,14.27,3176.8,74.41,50.6,Crítico,Q3,Q4 (mais alto),Q1 (mais baixo)
2015,2,2015-S2,2015-12-01,Centro-Oeste,DF,Distrito Federal,53,Brasília,Privada,2º ano,26956,1200,25756,4.45,3341.35,83.96,57.1,Médio,Q4 (mais alto),Q4 (mais alto),Q2
2015,2,2015-S2,2015-12-01,Centro-Oeste,GO,Goiás,52,Goiânia,Pública,1º ano,45866,4878,40988,10.64,2042.78,66.83,73.7,Alto,Q1 (mais baixo),Q3,Q3
2015,2,2015-S2,2015-12-01,Centro-Oeste,GO,Goiás,52,Goiânia,Privada,2º ano,26176,1496,24680,5.72,3519.93,72.13,87.1,Médio,Q4 (mais alto),Q3,Q4 (mais alto)
2015,2,2015-S2,2015-12-01,Centro-Oeste,GO,Goiás,52,Aparecida de Goiânia,Pública,2º ano,13614,1248,12366,9.17,3523.6,57.36,46.6,Alto,Q4 (mais alto),Q2,Q1 (mais baixo)
2015,2,2015-S2,2015-12-01,Centro-Oeste,GO,Goiás,52,Aparecida de Goiânia,Privada,3º ano,21982,745,21237,3.39,2332.82,79.83,64.1,Baixo,Q1 (mais baixo),Q4 (mais alto),Q2
2015,2,2015-S2,2015-12-01,Centro-Oeste,MT,Mato Grosso,51,Cuiabá,Pública,3º ano,34434,3313,31121,9.62,2328.25,67.15,92.0,Alto,Q1 (mais baixo),Q3,Q4 (mais alto)
2015,2,2015-S2,2015-12-01,Centro-Oeste,MT,Mato Grosso,51,Cuiabá,Privada,3º ano,21584,1423,20161,6.59,2235.47,75.76,70.1,Médio,Q1 (mais baixo),Q4 (mais alto),Q3
2015,2,2015-S2,2015-12-01,Centro-Oeste,MS,Mato Grosso do Sul,50,Campo Grande,Pública,3º ano,30432,2623,27809,8.62,1934.17,80.87,76.4,Alto,Q1 (mais baixo),Q4 (mais alto),Q3
2015,2,2015-S2,2015-12-01,Centro-Oeste,MS,Mato Grosso do Sul,50,Campo Grande,Privada,3º ano,22494,1095,21399,4.87,3379.39,91.05,55.7,Médio,Q4 (mais alto),Q4 (mais alto),Q1 (mais baixo)
2015,2,2015-S2,2015-12-01,Sudeste,SP,São Paulo,35,São Paulo,Pública,3º ano,28997,2805,26192,9.67,1494.22,58.58,61.7,Alto,Q1 (mais baixo),Q2,Q2
2015,2,2015-S2,2015-12-01,Sudeste,SP,São Paulo,35,São Paulo,Privada,2º ano,8210,328,7882,4.0,2717.03,52.91,49.7,Baixo,Q2,Q1 (mais baixo),Q1 (mais baixo)
2015,2,2015-S2,2015-12-01,Sudeste,SP,São Paulo,35,Campinas,Pública,3º ano,23088,3011,20077,13.04,1723.68,65.01,58.4,Crítico,Q1 (mais baixo),Q3,Q2
2015,2,2015-S2,2015-12-01,Sudeste,SP,São Paulo,35,Campinas,Privada,1º ano,10243,841,9402,8.21,2530.33,40.9,62.7,Alto,Q2,Q1 (mais baixo),Q2
2015,2,2015-S2,2015-12-01,Sudeste,SP,São Paulo,35,Ribeirão Preto,Pública,1º ano,10963,1589,9374,14.49,2939.29,79.35,71.1,Crítico,Q3,Q4 (mais alto),Q3
2015,2,2015-S2,2015-12-01,Sudeste,SP,São Paulo,35,Ribeirão Preto,Privada,2º ano,34985,754,34231,2.16,3231.49,71.24,68.5,Baixo,Q3,Q3,Q2
2015,2,2015-S2,2015-12-01,Sudeste,RJ,Rio de Janeiro,33,Rio de Janeiro,Pública,2º ano,37665,5186,32479,13.77,2517.53,63.13,92.9,Crítico,Q2,Q2,Q4 (mais alto)
2015,2,2015-S2,2015-12-01,Sudeste,RJ,Rio de Janeiro,33,Rio de Janeiro,Privada,3º ano,29071,1650,27421,5.68,2444.61,75.37,88.7,Médio,Q2,Q4 (mais alto),Q4 (mais alto)
2015,2,2015-S2,2015-12-01,Sudeste,RJ,Rio de Janeiro,33,Niterói,Pública,2º ano,24426,3958,20468,16.2,2224.6,49.87,74.0,Crítico,Q1 (mais baixo),Q1 (mais baixo),Q3
2015,2,2015-S2,2015-12-01,Sudeste,RJ,Rio de Janeiro,33,Niterói,Privada,3º ano,12546,62,12484,0.49,1472.12,74.77,66.3,Baixo,Q1 (mais baixo),Q4 (mais alto),Q2
2015,2,2015-S2,2015-12-01,Sudeste,RJ,Rio de Janeiro,33,Nova Iguaçu,Pública,2º ano,23160,1586,21574,6.85,2408.7,52.31,90.1,Médio,Q2,Q1 (mais baixo),Q4 (mais alto)
2015,2,2015-S2,2015-12-01,Sudeste,RJ,Rio de Janeiro,33,Nova Iguaçu,Privada,1º ano,37410,750,36660,2.0,3027.73,59.91,57.6,Baixo,Q3,Q2,Q2
2015,2,2015-S2,2015-12-01,Sudeste,RJ,Rio de Janeiro,33,Petrópolis,Pública,2º ano,9708,834,8874,8.59,2952.62,51.08,56.2,Alto,Q3,Q1 (mais baixo),Q1 (mais baixo)
2015,2,2015-S2,2015-12-01,Sudeste,RJ,Rio de Janeiro,33,Petrópolis,Privada,3º ano,43262,638,42624,1.47,462.35,42.57,72.6,Baixo,Q1 (mais baixo),Q1 (mais baixo),Q3
2015,2,2015-S2,2015-12-01,Sudeste,MG,Minas Gerais,31,Belo Horizonte,Pública,1º ano,33355,3197,30158,9.58,1752.56,60.35,73.1,Alto,Q1 (mais baixo),Q2,Q3
2015,2,2015-S2,2015-12-01,Sudeste,MG,Minas Gerais,31,Belo Horizonte,Privada,3º ano,8647,43,8604,0.5,3453.66,72.77,94.4,Baixo,Q4 (mais alto),Q4 (mais alto),Q4 (mais alto)
2015,2,2015-S2,2015-12-01,Sudeste,MG,Minas Gerais,31,Uberlândia,Pública,1º ano,46653,5529,41124,11.85,3395.27,77.15,58.3,Alto,Q4 (mais alto),Q4 (mais alto),Q2
2015,2,2015-S2,2015-12-01,Sudeste,MG,Minas Gerais,31,Uberlândia,Privada,2º ano,21196,445,20751,2.1,3328.36,64.58,92.6,Baixo,Q4 (mais alto),Q3,Q4 (mais alto)
2015,2,2015-S2,2015-12-01,Sudeste,MG,Minas Gerais,31,Juiz de Fora,Pública,2º ano,10294,848,9446,8.24,2058.28,76.78,86.7,Alto,Q1 (mais baixo),Q4 (mais alto),Q4 (mais alto)
2015,2,2015-S2,2015-12-01,Sudeste,MG,Minas Gerais,31,Juiz de Fora,Privada,2º ano,11907,386,11521,3.24,2903.8,59.8,81.0,Baixo,Q3,Q2,Q3
2015,2,2015-S2,2015-12-01,Sudeste,ES,Espírito Santo,32,Vitória,Pública,2º ano,30349,2161,28188,7.12,2093.96,57.0,71.4,Médio,Q1 (mais baixo),Q2,Q3
2015,2,2015-S2,2015-12-01,Sudeste,ES,Espírito Santo,32,Vitória,Privada,3º ano,17873,332,17541,1.86,2467.25,68.02,93.8,Baixo,Q2,Q3,Q4 (mais alto)
2015,2,2015-S2,2015-12-01,Sudeste,ES,Espírito Santo,32,Vila Velha,Pública,2º ano,14805,1860,12945,12.56,2513.51,55.82,80.9,Alto,Q2,Q1 (mais baixo),Q3
2015,2,2015-S2,2015-12-01,Sudeste,ES,Espírito Santo,32,Vila Velha,Privada,1º ano,16715,1366,15349,8.17,1982.55,55.87,56.6,Alto,Q1 (mais baixo),Q1 (mais baixo),Q1 (mais baixo)
2015,2,2015-S2,2015-12-01,Sudeste,ES,Espírito Santo,32,Serra,Pública,3º ano,31169,3342,27827,10.72,3059.54,71.85,89.5,Alto,Q3,Q3,Q4 (mais alto)
2015,2,2015-S2,2015-12-01,Sudeste,ES,Espírito Santo,32,Serra,Privada,2º ano,24989,1364,23625,5.46,1783.43,65.83,85.5,Médio,Q1 (mais baixo),Q3,Q4 (mais alto)
2015,2,2015-S2,2015-12-01,Sul,PR,Paraná,41,Curitiba,Pública,2º ano,35095,3521,31574,10.03,2569.18,75.81,82.4,Alto,Q2,Q4 (mais alto),Q4 (mais alto)
2015,2,2015-S2,2015-12-01,Sul,PR,Paraná,41,Curitiba,Privada,1º ano,14312,748,13564,5.23,2032.06,68.14,92.0,Médio,Q1 (mais baixo),Q3,Q4 (mais alto)
2015,2,2015-S2,2015-12-01,Sul,PR,Paraná,41,Londrina,Pública,2º ano,48197,3759,44438,7.8,3238.7,58.08,69.8,Médio,Q3,Q2,Q2
2015,2,2015-S2,2015-12-01,Sul,PR,Paraná,41,Londrina,Privada,3º ano,48511,2304,46207,4.75,2937.92,56.65,56.9,Médio,Q3,Q2,Q1 (mais baixo)
2015,2,2015-S2,2015-12-01,Sul,SC,Santa Catarina,42,Florianópolis,Pública,1º ano,6906,847,6059,12.26,2327.24,62.45,60.7,Alto,Q1 (mais baixo),Q2,Q2
2015,2,2015-S2,2015-12-01,Sul,SC,Santa Catarina,42,Florianópolis,Privada,1º ano,39059,905,38154,2.32,1105.99,52.57,80.2,Baixo,Q1 (mais baixo),Q1 (mais baixo),Q3
2015,2,2015-S2,2015-12-01,Sul,SC,Santa Catarina,42,Joinville,Pública,2º ano,9524,1045,8479,10.97,3234.97,36.44,88.1,Alto,Q3,Q1 (mais baixo),Q4 (mais alto)
2015,2,2015-S2,2015-12-01,Sul,SC,Santa Catarina,42,Joinville,Privada,1º ano,14857,403,14454,2.71,2965.86,66.73,86.7,Baixo,Q3,Q3,Q4 (mais alto)
2015,2,2015-S2,2015-12-01,Sul,RS,Rio Grande do Sul,43,Porto Alegre,Pública,2º ano,34722,3274,31448,9.43,3920.71,55.66,59.6,Alto,Q4 (mais alto),Q1 (mais baixo),Q2
2015,2,2015-S2,2015-12-01,Sul,RS,Rio Grande do Sul,43,Porto Alegre,Privada,2º ano,43096,305,42791,0.71,1663.95,65.51,54.2,Baixo,Q1 (mais baixo),Q3,Q1 (mais baixo)
2015,2,2015-S2,2015-12-01,Sul,RS,Rio Grande do Sul,43,Caxias do Sul,Pública,3º ano,42584,3972,38612,9.33,2960.3,59.55,58.7,Alto,Q3,Q2,Q2
2015,2,2015-S2,2015-12-01,Sul,RS,Rio Grande do Sul,43,Caxias do Sul,Privada,1º ano,25462,1118,24344,4.39,1994.27,83.97,84.7,Médio,Q1 (mais baixo),Q4 (mais alto),Q4 (mais alto)
2016,1,2016-S1,2016-06-01,Norte,AM,Amazonas,13,Manaus,Pública,3º ano,27868,3826,24042,13.73,2683.01,86.9,59.5,Crítico,Q2,Q4 (mais alto),Q2
2016,1,2016-S1,2016-06-01,Norte,AM,Amazonas,13,Manaus,Privada,2º ano,48173,1149,47024,2.39,4045.14,70.15,56.2,Baixo,Q4 (mais alto),Q3,Q1 (mais baixo)
2016,1,2016-S1,2016-06-01,Norte,PA,Pará,15,Belém,Pública,1º ano,8333,700,7633,8.4,1526.88,73.4,80.1,Alto,Q1 (mais baixo),Q4 (mais alto),Q3
2016,1,2016-S1,2016-06-01,Norte,PA,Pará,15,Belém,Privada,1º ano,14816,536,14280,3.62,1739.17,67.6,71.4,Baixo,Q1 (mais baixo),Q3,Q3
2016,1,2016-S1,2016-06-01,Norte,PA,Pará,15,Santarém,Pública,1º ano,16691,1426,15265,8.54,3400.6,71.17,66.9,Alto,Q4 (mais alto),Q3,Q2
2016,1,2016-S1,2016-06-01,Norte,PA,Pará,15,Santarém,Privada,1º ano,35009,1690,33319,4.83,1915.43,53.51,78.2,Médio,Q1 (mais baixo),Q1 (mais baixo),Q3
2016,1,2016-S1,2016-06-01,Norte,RO,Rondônia,11,Porto Velho,Pública,1º ano,5945,759,5186,12.77,2514.31,67.89,75.0,Alto,Q2,Q3,Q3
2016,1,2016-S1,2016-06-01,Norte,RO,Rondônia,11,Porto Velho,Privada,3º ano,45734,917,44817,2.01,2946.9,72.33,54.3,Baixo,Q3,Q3,Q1 (mais baixo)
2016,1,2016-S1,2016-06-01,Norte,TO,Tocantins,17,Palmas,Pública,2º ano,14824,1791,13033,12.08,2799.04,65.31,49.6,Alto,Q2,Q3,Q1 (mais baixo)
2016,1,2016-S1,2016-06-01,Norte,TO,Tocantins,17,Palmas,Privada,2º ano,14177,523,13654,3.69,4120.08,57.27,54.4,Baixo,Q4 (mais alto),Q2,Q1 (mais baixo)
2016,1,2016-S1,2016-06-01,Nordeste,BA,Bahia,29,Salvador,Pública,3º ano,43181,4630,38551,10.72,3903.57,68.25,52.3,Alto,Q4 (mais alto),Q3,Q1 (mais baixo)
2016,1,2016-S1,2016-06-01,Nordeste,BA,Bahia,29,Salvador,Privada,3º ano,31065,1904,29161,6.13,2128.7,52.35,71.5,Médio,Q1 (mais baixo),Q1 (mais baixo),Q3
2016,1,2016-S1,2016-06-01,Nordeste,BA,Bahia,29,Feira de Santana,Pública,3º ano,8468,1105,7363,13.05,2035.2,73.48,76.0,Crítico,Q1 (mais baixo),Q4 (mais alto),Q3
2016,1,2016-S1,2016-06-01,Nordeste,BA,Bahia,29,Feira de Santana,Privada,2º ano,46002,3123,42879,6.79,1697.41,68.72,76.1,Médio,Q1 (mais baixo),Q3,Q3
2016,1,2016-S1,2016-06-01,Nordeste,PE,Pernambuco,26,Recife,Pública,1º ano,10321,809,9512,7.84,3068.28,80.01,65.1,Médio,Q3,Q4 (mais alto),Q2
2016,1,2016-S1,2016-06-01,Nordeste,PE,Pernambuco,26,Recife,Privada,1º ano,28312,141,28171,0.5,1214.88,72.57,92.7,Baixo,Q1 (mais baixo),Q4 (mais alto),Q4 (mais alto)
2016,1,2016-S1,2016-06-01,Nordeste,PE,Pernambuco,26,Jaboatão dos Guararapes,Pública,1º ano,40437,3706,36731,9.16,3013.63,71.38,75.7,Alto,Q3,Q3,Q3
2016,1,2016-S1,2016-06-01,Nordeste,PE,Pernambuco,26,Jaboatão dos Guararapes,Privada,1º ano,30236,1347,28889,4.45,2910.41,54.59,82.1,Médio,Q3,Q1 (mais baixo),Q3
2016,1,2016-S1,2016-06-01,Nordeste,CE,Ceará,23,Fortaleza,Pública,1º ano,36684,2868,33816,7.82,3906.33,59.29,63.3,Médio,Q4 (mais alto),Q2,Q2
2016,1,2016-S1,2016-06-01,Nordeste,CE,Ceará,23,Fortaleza,Privada,2º ano,27816,164,27652,0.59,3604.22,48.38,47.6,Baixo,Q4 (mais alto),Q1 (mais baixo),Q1 (mais baixo)
2016,1,2016-S1,2016-06-01,Nordeste,CE,Ceará,23,Juazeiro do Norte,Pública,2º ano,2115,215,1900,10.17,2088.64,55.13,78.7,Alto,Q1 (mais baixo),Q1 (mais baixo),Q3
2016,1,2016-S1,2016-06-01,Nordeste,CE,Ceará,23,Juazeiro do Norte,Privada,2º ano,26006,1240,24766,4.77,3819.4,63.81,81.4,Médio,Q4 (mais alto),Q2,Q3
2016,1,2016-S1,2016-06-01,Nordeste,MA,Maranhão,21,São Luís,Pública,2º ano,23974,2132,21842,8.89,2043.85,57.71,54.2,Alto,Q1 (mais baixo),Q2,Q1 (mais baixo)
2016,1,2016-S1,2016-06-01,Nordeste,MA,Maranhão,21,São Luís,Privada,2º ano,49183,2653,46530,5.39,2021.2,63.28,85.0,Médio,Q1 (mais baixo),Q2,Q4 (mais alto)
2016,1,2016-S1,2016-06-01,Nordeste,PB,Paraíba,25,João Pessoa,Pública,3º ano,27876,2163,25713,7.76,3596.85,54.49,47.9,Médio,Q4 (mais alto),Q1 (mais baixo),Q1 (mais baixo)
2016,1,2016-S1,2016-06-01,Nordeste,PB,Paraíba,25,João Pessoa,Privada,3º ano,31132,2373,28759,7.62,3422.32,64.99,93.5,Médio,Q4 (mais alto),Q3,Q4 (mais alto)
2016,1,2016-S1,2016-06-01,Centro-Oeste,DF,Distrito Federal,53,Brasília,Pública,1º ano,16112,1826,14286,11.33,2917.87,61.45,51.2,Alto,Q3,Q2,Q1 (mais baixo)
2016,1,2016-S1,2016-06-01,Centro-Oeste,DF,Distrito Federal,53,Brasília,Privada,1º ano,714,12,702,1.68,3683.06,80.49,51.9,Baixo,Q4 (mais alto),Q4 (mais alto),Q1 (mais baixo)
2016,1,2016-S1,2016-06-01,Centro-Oeste,GO,Goiás,52,Goiânia,Pública,3º ano,43816,4787,39029,10.93,3633.15,52.64,69.4,Alto,Q4 (mais alto),Q1 (mais baixo),Q2
2016,1,2016-S1,2016-06-01,Centro-Oeste,GO,Goiás,52,Goiânia,Privada,1º ano,14207,467,13740,3.29,3450.23,62.23,88.8,Baixo,Q4 (mais alto),Q2,Q4 (mais alto)
2016,1,2016-S1,2016-06-01,Centro-Oeste,GO,Goiás,52,Aparecida de Goiânia,Pública,3º ano,3061,383,2678,12.51,946.45,58.14,68.8,Alto,Q1 (mais baixo),Q2,Q2
2016,1,2016-S1,2016-06-01,Centro-Oeste,GO,Goiás,52,Aparecida de Goiânia,Privada,2º ano,31727,586,31141,1.85,2456.31,61.93,81.3,Baixo,Q2,Q2,Q3
2016,1,2016-S1,2016-06-01,Centro-Oeste,MT,Mato Grosso,51,Cuiabá,Pública,1º ano,22885,3132,19753,13.69,2914.58,54.78,55.0,Crítico,Q3,Q1 (mais baixo),Q1 (mais baixo)
2016,1,2016-S1,2016-06-01,Centro-Oeste,MT,Mato Grosso,51,Cuiabá,Privada,3º ano,38800,1244,37556,3.21,2891.84,62.6,90.7,Baixo,Q3,Q2,Q4 (mais alto)
2016,1,2016-S1,2016-06-01,Centro-Oeste,MS,Mato Grosso do Sul,50,Campo Grande,Pública,1º ano,36795,4248,32547,11.55,2628.33,59.98,53.1,Alto,Q2,Q2,Q1 (mais baixo)
2016,1,2016-S1,2016-06-01,Centro-Oeste,MS,Mato Grosso do Sul,50,Campo Grande,Privada,2º ano,6888,319,6569,4.63,4389.51,72.28,86.5,Médio,Q4 (mais alto),Q3,Q4 (mais alto)
2016,1,2016-S1,2016-06-01,Sudeste,SP,São Paulo,35,São Paulo,Pública,1º ano,37920,4753,33167,12.53,2800.46,60.43,65.6,Alto,Q2,Q2,Q2
2016,1,2016-S1,2016-06-01,Sudeste,SP,São Paulo,35,São Paulo,Privada,2º ano,24808,1860,22948,7.5,1985.87,73.25,48.3,Médio,Q1 (mais baixo),Q4 (mais alto),Q1 (mais baixo)
2016,1,2016-S1,2016-06-01,Sudeste,SP,São Paulo,35,Campinas,Pública,2º ano,39360,4028,35332,10.23,2472.67,49.37,59.4,Alto,Q2,Q1 (mais baixo),Q2
2016,1,2016-S1,2016-06-01,Sudeste,SP,São Paulo,35,Campinas,Privada,1º ano,49791,248,49543,0.5,2935.77,70.41,58.4,Baixo,Q3,Q3,Q2
2016,1,2016-S1,2016-06-01,Sudeste,SP,São Paulo,35,Ribeirão Preto,Pública,3º ano,27555,2385,25170,8.66,3970.94,47.71,46.1,Alto,Q4 (mais alto),Q1 (mais baixo),Q1 (mais baixo)
2016,1,2016-S1,2016-06-01,Sudeste,SP,São Paulo,35,Ribeirão Preto,Privada,3º ano,28822,256,28566,0.89,3135.15,75.5,94.2,Baixo,Q3,Q4 (mais alto),Q4 (mais alto)
2016,1,2016-S1,2016-06-01,Sudeste,RJ,Rio de Janeiro,33,Rio de Janeiro,Pública,2º ano,9120,1147,7973,12.58,2098.77,78.84,55.6,Alto,Q1 (mais baixo),Q4 (mais alto),Q1 (mais baixo)
2016,1,2016-S1,2016-06-01,Sudeste,RJ,Rio de Janeiro,33,Rio de Janeiro,Privada,1º ano,18624,1160,17464,6.23,2492.51,80.15,56.9,Médio,Q2,Q4 (mais alto),Q1 (mais baixo)
2016,1,2016-S1,2016-06-01,Sudeste,RJ,Rio de Janeiro,33,Niterói,Pública,3º ano,38483,3896,34587,10.12,3410.84,44.36,77.9,Alto,Q4 (mais alto),Q1 (mais baixo),Q3
2016,1,2016-S1,2016-06-01,Sudeste,RJ,Rio de Janeiro,33,Niterói,Privada,3º ano,47560,679,46881,1.43,2086.17,54.0,62.9,Baixo,Q1 (mais baixo),Q1 (mais baixo),Q2
2016,1,2016-S1,2016-06-01,Sudeste,RJ,Rio de Janeiro,33,Nova Iguaçu,Pública,3º ano,37529,3819,33710,10.18,2166.63,51.64,63.6,Alto,Q1 (mais baixo),Q1 (mais baixo),Q2
2016,1,2016-S1,2016-06-01,Sudeste,RJ,Rio de Janeiro,33,Nova Iguaçu,Privada,1º ano,7396,101,7295,1.37,3558.57,61.55,49.4,Baixo,Q4 (mais alto),Q2,Q1 (mais baixo)
2016,1,2016-S1,2016-06-01,Sudeste,RJ,Rio de Janeiro,33,Petrópolis,Pública,2º ano,9506,855,8651,8.99,3215.3,50.53,55.7,Alto,Q3,Q1 (mais baixo),Q1 (mais baixo)
2016,1,2016-S1,2016-06-01,Sudeste,RJ,Rio de Janeiro,33,Petrópolis,Privada,1º ano,19814,1170,18644,5.9,1967.3,53.67,54.8,Médio,Q1 (mais baixo),Q1 (mais baixo),Q1 (mais baixo)
2016,1,2016-S1,2016-06-01,Sudeste,MG,Minas Gerais,31,Belo Horizonte,Pública,2º ano,29462,4145,25317,14.07,2057.02,75.17,47.7,Crítico,Q1 (mais baixo),Q4 (mais alto),Q1 (mais baixo)
2016,1,2016-S1,2016-06-01,Sudeste,MG,Minas Gerais,31,Belo Horizonte,Privada,2º ano,1844,143,1701,7.75,2762.8,61.57,55.1,Médio,Q2,Q2,Q1 (mais baixo)
2016,1,2016-S1,2016-06-01,Sudeste,MG,Minas Gerais,31,Uberlândia,Pública,3º ano,33094,4026,29068,12.17,3186.19,53.98,79.7,Alto,Q3,Q1 (mais baixo),Q3
2016,1,2016-S1,2016-06-01,Sudeste,MG,Minas Gerais,31,Uberlândia,Privada,1º ano,42225,1376,40849,3.26,2708.17,82.61,81.6,Baixo,Q2,Q4 (mais alto),Q3
2016,1,2016-S1,2016-06-01,Sudeste,MG,Minas Gerais,31,Juiz de Fora,Pública,3º ano,36197,3898,32299,10.77,3206.11,59.65,77.1,Alto,Q3,Q2,Q3
2016,1,2016-S1,2016-06-01,Sudeste,MG,Minas Gerais,31,Juiz de Fora,Privada,1º ano,19096,830,18266,4.35,2621.13,56.26,65.8,Médio,Q2,Q1 (mais baixo),Q2
2016,1,2016-S1,2016-06-01,Sudeste,ES,Espírito Santo,32,Vitória,Pública,2º ano,14093,1321,12772,9.37,3072.43,74.81,50.8,Alto,Q3,Q4 (mais alto),Q1 (mais baixo)
2016,1,2016-S1,2016-06-01,Sudeste,ES,Espírito Santo,32,Vitória,Privada,1º ano,41013,2676,38337,6.52,2011.38,55.02,48.6,Médio,Q1 (mais baixo),Q1 (mais baixo),Q1 (mais baixo)
2016,1,2016-S1,2016-06-01,Sudeste,ES,Espírito Santo,32,Vila Velha,Pública,1º ano,2573,263,2310,10.22,1843.85,62.0,48.4,Alto,Q1 (mais baixo),Q2,Q1 (mais baixo)
2016,1,2016-S1,2016-06-01,Sudeste,ES,Espírito Santo,32,Vila Velha,Privada,2º ano,13391,494,12897,3.69,2143.39,67.17,47.7,Baixo,Q1 (mais baixo),Q3,Q1 (mais baixo)
2016,1,2016-S1,2016-06-01,Sudeste,ES,Espírito Santo,32,Serra,Pública,2º ano,26977,2902,24075,10.76,2710.01,68.28,81.6,Alto,Q2,Q3,Q3
2016,1,2016-S1,2016-06-01,Sudeste,ES,Espírito Santo,32,Serra,Privada,3º ano,19555,377,19178,1.93,1791.06,72.71,50.2,Baixo,Q1 (mais baixo),Q4 (mais alto),Q1 (mais baixo)
2016,1,2016-S1,2016-06-01,Sul,PR,Paraná,41,Curitiba,Pública,3º ano,49405,4999,44406,10.12,2304.68,53.5,74.5,Alto,Q1 (mais baixo),Q1 (mais baixo),Q3
2016,1,2016-S1,2016-06-01,Sul,PR,Paraná,41,Curitiba,Privada,2º ano,36990,1677,35313,4.53,3167.02,74.17,47.3,Médio,Q3,Q4 (mais alto),Q1 (mais baixo)
2016,1,2016-S1,2016-06-01,Sul,PR,Paraná,41,Londrina,Pública,2º ano,5762,617,5145,10.71,1618.07,72.1,85.7,Alto,Q1 (mais baixo),Q3,Q4 (mais alto)
2016,1,2016-S1,2016-06-01,Sul,PR,Paraná,41,Londrina,Privada,2º ano,20649,1205,19444,5.84,3110.33,67.59,58.4,Médio,Q3,Q3,Q2
2016,1,2016-S1,2016-06-01,Sul,SC,Santa Catarina,42,Florianópolis,Pública,3º ano,21907,2486,19421,11.35,1661.67,54.9,68.8,Alto,Q1 (mais baixo),Q1 (mais baixo),Q2
2016,1,2016-S1,2016-06-01,Sul,SC,Santa Catarina,42,Florianópolis,Privada,2º ano,4752,125,4627,2.63,2761.45,78.22,56.6,Baixo,Q2,Q4 (mais alto),Q1 (mais baixo)
2016,1,2016-S1,2016-06-01,Sul,SC,Santa Catarina,42,Joinville,Pública,3º ano,8036,899,7137,11.19,2350.16,62.02,80.0,Alto,Q1 (mais baixo),Q2,Q3
2016,1,2016-S1,2016-06-01,Sul,SC,Santa Catarina,42,Joinville,Privada,2º ano,5986,370,5616,6.18,3834.74,57.44,56.3,Médio,Q4 (mais alto),Q2,Q1 (mais baixo)
2016,1,2016-S1,2016-06-01,Sul,RS,Rio Grande do Sul,43,Porto Alegre,Pública,1º ano,12193,1247,10946,10.23,3002.93,76.73,62.3,Alto,Q3,Q4 (mais alto),Q2
2016,1,2016-S1,2016-06-01,Sul,RS,Rio Grande do Sul,43,Porto Alegre,Privada,1º ano,37045,1482,35563,4.0,3571.2,71.92,91.4,Médio,Q4 (mais alto),Q3,Q4 (mais alto)
2016,1,2016-S1,2016-06-01,Sul,RS,Rio Grande do Sul,43,Caxias do Sul,Pública,1º ano,16938,1650,15288,9.74,1985.98,81.45,51.2,Alto,Q1 (mais baixo),Q4 (mais alto),Q1 (mais baixo)
2016,1,2016-S1,2016-06-01,Sul,RS,Rio Grande do Sul,43,Caxias do Sul,Privada,2º ano,37394,1560,35834,4.17,1411.35,69.02,75.1,Médio,Q1 (mais baixo),Q3,Q3
2016,2,2016-S2,2016-12-01,Norte,AM,Amazonas,13,Manaus,Pública,2º ano,24921,3320,21601,13.32,2425.24,64.12,86.3,Crítico,Q2,Q2,Q4 (mais alto)
2016,2,2016-S2,2016-12-01,Norte,AM,Amazonas,13,Manaus,Privada,3º ano,32604,485,32119,1.49,3090.17,48.46,49.0,Baixo,Q3,Q1 (mais baixo),Q1 (mais baixo)
2016,2,2016-S2,2016-12-01,Norte,PA,Pará,15,Belém,Pública,1º ano,2539,191,2348,7.52,4057.4,51.48,45.3,Médio,Q4 (mais alto),Q1 (mais baixo),Q1 (mais baixo)
2016,2,2016-S2,2016-12-01,Norte,PA,Pará,15,Belém,Privada,2º ano,1025,22,1003,2.15,3207.87,90.98,46.7,Baixo,Q3,Q4 (mais alto),Q1 (mais baixo)
2016,2,2016-S2,2016-12-01,Norte,PA,Pará,15,Santarém,Pública,2º ano,29850,3599,26251,12.06,3361.41,65.97,62.6,Alto,Q4 (mais alto),Q3,Q2
2016,2,2016-S2,2016-12-01,Norte,PA,Pará,15,Santarém,Privada,2º ano,22734,1046,21688,4.6,2058.79,73.4,81.0,Médio,Q1 (mais baixo),Q4 (mais alto),Q3
2016,2,2016-S2,2016-12-01,Norte,RO,Rondônia,11,Porto Velho,Pública,1º ano,10184,1109,9075,10.89,3618.31,68.39,89.2,Alto,Q4 (mais alto),Q3,Q4 (mais alto)
2016,2,2016-S2,2016-12-01,Norte,RO,Rondônia,11,Porto Velho,Privada,1º ano,14582,606,13976,4.16,3286.01,83.75,46.3,Médio,Q4 (mais alto),Q4 (mais alto),Q1 (mais baixo)
2016,2,2016-S2,2016-12-01,Norte,TO,Tocantins,17,Palmas,Pública,1º ano,801,96,705,11.99,3472.11,60.51,81.0,Alto,Q4 (mais alto),Q2,Q3
2016,2,2016-S2,2016-12-01,Norte,TO,Tocantins,17,Palmas,Privada,3º ano,1181,55,1126,4.66,3344.84,69.98,58.8,Médio,Q4 (mais alto),Q3,Q2
2016,2,2016-S2,2016-12-01,Nordeste,BA,Bahia,29,Salvador,Pública,1º ano,44453,5571,38882,12.53,2575.39,65.66,80.0,Alto,Q2,Q3,Q3
2016,2,2016-S2,2016-12-01,Nordeste,BA,Bahia,29,Salvador,Privada,1º ano,20179,1123,19056,5.57,3401.06,56.07,83.8,Médio,Q4 (mais alto),Q1 (mais baixo),Q4 (mais alto)
2016,2,2016-S2,2016-12-01,Nordeste,BA,Bahia,29,Feira de Santana,Pública,3º ano,2083,165,1918,7.92,3027.14,80.36,92.6,Médio,Q3,Q4 (mais alto),Q4 (mais alto)
2016,2,2016-S2,2016-12-01,Nordeste,BA,Bahia,29,Feira de Santana,Privada,1º ano,17648,973,16675,5.51,2783.73,51.41,85.2,Médio,Q2,Q1 (mais baixo),Q4 (mais alto)
2016,2,2016-S2,2016-12-01,Nordeste,PE,Pernambuco,26,Recife,Pública,1º ano,12193,1895,10298,15.54,3633.98,48.31,57.9,Crítico,Q4 (mais alto),Q1 (mais baixo),Q2
2016,2,2016-S2,2016-12-01,Nordeste,PE,Pernambuco,26,Recife,Privada,3º ano,15652,775,14877,4.95,2992.77,64.77,94.2,Médio,Q3,Q3,Q4 (mais alto)
2016,2,2016-S2,2016-12-01,Nordeste,PE,Pernambuco,26,Jaboatão dos Guararapes,Pública,3º ano,32598,4593,28005,14.09,2572.9,50.02,80.5,Crítico,Q2,Q1 (mais baixo),Q3
2016,2,2016-S2,2016-12-01,Nordeste,PE,Pernambuco,26,Jaboatão dos Guararapes,Privada,1º ano,38253,435,37818,1.14,2897.82,75.44,89.3,Baixo,Q3,Q4 (mais alto),Q4 (mais alto)
2016,2,2016-S2,2016-12-01,Nordeste,CE,Ceará,23,Fortaleza,Pública,3º ano,10682,1154,9528,10.8,4047.06,73.17,46.5,Alto,Q4 (mais alto),Q4 (mais alto),Q1 (mais baixo)
2016,2,2016-S2,2016-12-01,Nordeste,CE,Ceará,23,Fortaleza,Privada,2º ano,36430,2685,33745,7.37,2991.47,58.68,88.9,Médio,Q3,Q2,Q4 (mais alto)
2016,2,2016-S2,2016-12-01,Nordeste,CE,Ceará,23,Juazeiro do Norte,Pública,2º ano,4899,591,4308,12.06,2935.39,64.44,68.3,Alto,Q3,Q2,Q2
2016,2,2016-S2,2016-12-01,Nordeste,CE,Ceará,23,Juazeiro do Norte,Privada,3º ano,3049,290,2759,9.51,2553.87,53.04,93.7,Alto,Q2,Q1 (mais baixo),Q4 (mais alto)
2016,2,2016-S2,2016-12-01,Nordeste,MA,Maranhão,21,São Luís,Pública,2º ano,43194,3309,39885,7.66,3298.49,53.52,91.5,Médio,Q4 (mais alto),Q1 (mais baixo),Q4 (mais alto)
2016,2,2016-S2,2016-12-01,Nordeste,MA,Maranhão,21,São Luís,Privada,2º ano,10404,52,10352,0.5,2926.13,72.65,80.2,Baixo,Q3,Q4 (mais alto),Q3
2016,2,2016-S2,2016-12-01,Nordeste,PB,Paraíba,25,João Pessoa,Pública,1º ano,47692,5480,42212,11.49,2694.07,68.38,58.4,Alto,Q2,Q3,Q2
2016,2,2016-S2,2016-12-01,Nordeste,PB,Paraíba,25,João Pessoa,Privada,3º ano,27890,1744,26146,6.25,2881.81,51.12,93.9,Médio,Q3,Q1 (mais baixo),Q4 (mais alto)
2016,2,2016-S2,2016-12-01,Centro-Oeste,DF,Distrito Federal,53,Brasília,Pública,3º ano,37324,2827,34497,7.57,3089.91,44.42,77.0,Médio,Q3,Q1 (mais baixo),Q3
2016,2,2016-S2,2016-12-01,Centro-Oeste,DF,Distrito Federal,53,Brasília,Privada,1º ano,27955,1346,26609,4.81,2598.68,73.17,75.0,Médio,Q2,Q4 (mais alto),Q3
2016,2,2016-S2,2016-12-01,Centro-Oeste,GO,Goiás,52,Goiânia,Pública,3º ano,21739,1736,20003,7.99,1852.92,48.83,62.6,Médio,Q1 (mais baixo),Q1 (mais baixo),Q2
2016,2,2016-S2,2016-12-01,Centro-Oeste,GO,Goiás,52,Goiânia,Privada,2º ano,2333,66,2267,2.83,2469.01,87.96,59.5,Baixo,Q2,Q4 (mais alto),Q2
2016,2,2016-S2,2016-12-01,Centro-Oeste,GO,Goiás,52,Aparecida de Goiânia,Pública,1º ano,31608,3615,27993,11.44,2244.63,60.69,93.8,Alto,Q1 (mais baixo),Q2,Q4 (mais alto)
2016,2,2016-S2,2016-12-01,Centro-Oeste,GO,Goiás,52,Aparecida de Goiânia,Privada,3º ano,35942,1573,34369,4.38,1848.28,56.89,79.1,Médio,Q1 (mais baixo),Q2,Q3
2016,2,2016-S2,2016-12-01,Centro-Oeste,MT,Mato Grosso,51,Cuiabá,Pública,1º ano,23209,2720,20489,11.72,2003.31,56.83,49.5,Alto,Q1 (mais baixo),Q2,Q1 (mais baixo)
2016,2,2016-S2,2016-12-01,Centro-Oeste,MT,Mato Grosso,51,Cuiabá,Privada,2º ano,33090,1940,31150,5.86,2041.29,42.46,90.4,Médio,Q1 (mais baixo),Q1 (mais baixo),Q4 (mais alto)
2016,2,2016-S2,2016-12-01,Centro-Oeste,MS,Mato Grosso do Sul,50,Campo Grande,Pública,3º ano,36997,3618,33379,9.78,2021.14,67.18,49.1,Alto,Q1 (mais baixo),Q3,Q1 (mais baixo)
2016,2,2016-S2,2016-12-01,Centro-Oeste,MS,Mato Grosso do Sul,50,Campo Grande,Privada,3º ano,7085,302,6783,4.26,2015.81,69.43,84.2,Médio,Q1 (mais baixo),Q3,Q4 (mais alto)
2016,2,2016-S2,2016-12-01,Sudeste,SP,São Paulo,35,São Paulo,Pública,2º ano,48676,6943,41733,14.26,3706.51,72.25,57.1,Crítico,Q4 (mais alto),Q3,Q2
2016,2,2016-S2,2016-12-01,Sudeste,SP,São Paulo,35,São Paulo,Privada,2º ano,5244,162,5082,3.09,2418.48,34.71,51.5,Baixo,Q2,Q1 (mais baixo),Q1 (mais baixo)
2016,2,2016-S2,2016-12-01,Sudeste,SP,São Paulo,35,Campinas,Pública,3º ano,19003,1577,17426,8.3,2426.94,55.24,46.7,Alto,Q2,Q1 (mais baixo),Q1 (mais baixo)
2016,2,2016-S2,2016-12-01,Sudeste,SP,São Paulo,35,Campinas,Privada,1º ano,30567,767,29800,2.51,4616.03,58.93,53.2,Baixo,Q4 (mais alto),Q2,Q1 (mais baixo)
2016,2,2016-S2,2016-12-01,Sudeste,SP,São Paulo,35,Ribeirão Preto,Pública,2º ano,21227,2198,19029,10.35,2208.07,86.68,48.0,Alto,Q1 (mais baixo),Q4 (mais alto),Q1 (mais baixo)
2016,2,2016-S2,2016-12-01,Sudeste,SP,São Paulo,35,Ribeirão Preto,Privada,3º ano,9968,355,9613,3.56,3891.38,50.29,58.7,Baixo,Q4 (mais alto),Q1 (mais baixo),Q2
2016,2,2016-S2,2016-12-01,Sudeste,RJ,Rio de Janeiro,33,Rio de Janeiro,Pública,1º ano,2878,314,2564,10.91,3168.49,64.01,63.8,Alto,Q3,Q2,Q2
2016,2,2016-S2,2016-12-01,Sudeste,RJ,Rio de Janeiro,33,Rio de Janeiro,Privada,2º ano,14611,324,14287,2.22,1478.45,92.87,45.2,Baixo,Q1 (mais baixo),Q4 (mais alto),Q1 (mais baixo)
2016,2,2016-S2,2016-12-01,Sudeste,RJ,Rio de Janeiro,33,Niterói,Pública,2º ano,5254,707,4547,13.46,2606.98,68.07,65.9,Crítico,Q2,Q3,Q2
2016,2,2016-S2,2016-12-01,Sudeste,RJ,Rio de Janeiro,33,Niterói,Privada,1º ano,26358,2201,24157,8.35,3023.0,70.48,47.5,Alto,Q3,Q3,Q1 (mais baixo)
2016,2,2016-S2,2016-12-01,Sudeste,RJ,Rio de Janeiro,33,Nova Iguaçu,Pública,1º ano,13142,1109,12033,8.44,2970.42,64.31,52.6,Alto,Q3,Q2,Q1 (mais baixo)
2016,2,2016-S2,2016-12-01,Sudeste,RJ,Rio de Janeiro,33,Nova Iguaçu,Privada,1º ano,30253,1449,28804,4.79,2344.39,76.54,82.0,Médio,Q1 (mais baixo),Q4 (mais alto),Q3
2016,2,2016-S2,2016-12-01,Sudeste,RJ,Rio de Janeiro,33,Petrópolis,Pública,3º ano,26059,2731,23328,10.48,2615.17,55.78,80.3,Alto,Q2,Q1 (mais baixo),Q3
2016,2,2016-S2,2016-12-01,Sudeste,RJ,Rio de Janeiro,33,Petrópolis,Privada,1º ano,3880,209,3671,5.39,3100.52,35.3,65.5,Médio,Q3,Q1 (mais baixo),Q2
2016,2,2016-S2,2016-12-01,Sudeste,MG,Minas Gerais,31,Belo Horizonte,Pública,1º ano,1540,156,1384,10.13,3224.65,94.45,76.0,Alto,Q3,Q4 (mais alto),Q3
2016,2,2016-S2,2016-12-01,Sudeste,MG,Minas Gerais,31,Belo Horizonte,Privada,2º ano,5966,99,5867,1.66,3299.29,59.94,60.1,Baixo,Q4 (mais alto),Q2,Q2
2016,2,2016-S2,2016-12-01,Sudeste,MG,Minas Gerais,31,Uberlândia,Pública,1º ano,34324,3449,30875,10.05,2784.86,70.49,81.1,Alto,Q2,Q3,Q3
2016,2,2016-S2,2016-12-01,Sudeste,MG,Minas Gerais,31,Uberlândia,Privada,3º ano,21725,1421,20304,6.54,2593.25,43.85,93.7,Médio,Q2,Q1 (mais baixo),Q4 (mais alto)
2016,2,2016-S2,2016-12-01,Sudeste,MG,Minas Gerais,31,Juiz de Fora,Pública,3º ano,43179,6115,37064,14.16,1576.84,65.68,45.9,Crítico,Q1 (mais baixo),Q3,Q1 (mais baixo)
2016,2,2016-S2,2016-12-01,Sudeste,MG,Minas Gerais,31,Juiz de Fora,Privada,1º ano,7737,44,7693,0.57,3006.38,73.46,64.3,Baixo,Q3,Q4 (mais alto),Q2
2016,2,2016-S2,2016-12-01,Sudeste,ES,Espírito Santo,32,Vitória,Pública,2º ano,19186,3128,16058,16.3,1819.8,68.98,46.9,Crítico,Q1 (mais baixo),Q3,Q1 (mais baixo)
2016,2,2016-S2,2016-12-01,Sudeste,ES,Espírito Santo,32,Vitória,Privada,3º ano,23687,993,22694,4.19,2564.39,83.78,53.6,Médio,Q2,Q4 (mais alto),Q1 (mais baixo)
2016,2,2016-S2,2016-12-01,Sudeste,ES,Espírito Santo,32,Vila Velha,Pública,3º ano,33305,4037,29268,12.12,2552.57,68.41,64.5,Alto,Q2,Q3,Q2
2016,2,2016-S2,2016-12-01,Sudeste,ES,Espírito Santo,32,Vila Velha,Privada,3º ano,31531,1574,29957,4.99,1808.76,80.63,77.4,Médio,Q1 (mais baixo),Q4 (mais alto),Q3
2016,2,2016-S2,2016-12-01,Sudeste,ES,Espírito Santo,32,Serra,Pública,3º ano,44770,4870,39900,10.88,3233.37,60.36,72.9,Alto,Q3,Q2,Q3
2016,2,2016-S2,2016-12-01,Sudeste,ES,Espírito Santo,32,Serra,Privada,2º ano,10666,606,10060,5.68,2528.88,57.19,46.7,Médio,Q2,Q2,Q1 (mais baixo)
2016,2,2016-S2,2016-12-01,Sul,PR,Paraná,41,Curitiba,Pública,2º ano,977,111,866,11.36,1909.39,75.87,57.3,Alto,Q1 (mais baixo),Q4 (mais alto),Q2
2016,2,2016-S2,2016-12-01,Sul,PR,Paraná,41,Curitiba,Privada,1º ano,46475,623,45852,1.34,3471.29,45.76,59.8,Baixo,Q4 (mais alto),Q1 (mais baixo),Q2
2016,2,2016-S2,2016-12-01,Sul,PR,Paraná,41,Londrina,Pública,1º ano,26428,2800,23628,10.59,3205.34,68.08,89.0,Alto,Q3,Q3,Q4 (mais alto)
2016,2,2016-S2,2016-12-01,Sul,PR,Paraná,41,Londrina,Privada,3º ano,25104,260,24844,1.04,2667.22,57.09,49.7,Baixo,Q2,Q2,Q1 (mais baixo)
2016,2,2016-S2,2016-12-01,Sul,SC,Santa Catarina,42,Florianópolis,Pública,1º ano,30205,2646,27559,8.76,2376.38,75.95,94.5,Alto,Q2,Q4 (mais alto),Q4 (mais alto)
2016,2,2016-S2,2016-12-01,Sul,SC,Santa Catarina,42,Florianópolis,Privada,1º ano,36030,437,35593,1.21,2947.97,52.3,93.2,Baixo,Q3,Q1 (mais baixo),Q4 (mais alto)
2016,2,2016-S2,2016-12-01,Sul,SC,Santa Catarina,42,Joinville,Pública,2º ano,30134,4453,25681,14.78,3263.04,55.25,74.0,Crítico,Q3,Q1 (mais baixo),Q3
2016,2,2016-S2,2016-12-01,Sul,SC,Santa Catarina,42,Joinville,Privada,3º ano,42863,2668,40195,6.22,2264.68,59.47,84.4,Médio,Q1 (mais baixo),Q2,Q4 (mais alto)
2016,2,2016-S2,2016-12-01,Sul,RS,Rio Grande do Sul,43,Porto Alegre,Pública,2º ano,43873,4356,39517,9.93,3027.52,76.09,75.9,Alto,Q3,Q4 (mais alto),Q3
2016,2,2016-S2,2016-12-01,Sul,RS,Rio Grande do Sul,43,Porto Alegre,Privada,3º ano,49682,748,48934,1.51,2268.77,53.48,75.8,Baixo,Q1 (mais baixo),Q1 (mais baixo),Q3
2016,2,2016-S2,2016-12-01,Sul,RS,Rio Grande do Sul,43,Caxias do Sul,Pública,2º ano,6802,707,6095,10.39,2243.09,69.87,54.6,Alto,Q1 (mais baixo),Q3,Q1 (mais baixo)
2016,2,2016-S2,2016-12-01,Sul,RS,Rio Grande do Sul,43,Caxias do Sul,Privada,2º ano,13796,728,13068,5.28,3277.06,48.87,79.6,Médio,Q4 (mais alto),Q1 (mais baixo),Q3
2017,1,2017-S1,2017-06-01,Norte,AM,Amazonas,13,Manaus,Pública,2º ano,25505,2518,22987,9.87,2788.73,39.51,59.1,Alto,Q2,Q1 (mais baixo),Q2
2017,1,2017-S1,2017-06-01,Norte,AM,Amazonas,13,Manaus,Privada,1º ano,19168,427,18741,2.23,2653.26,72.45,54.4,Baixo,Q2,Q3,Q1 (mais baixo)
2017,1,2017-S1,2017-06-01,Norte,PA,Pará,15,Belém,Pública,3º ano,27757,2900,24857,10.45,2671.27,84.45,85.1,Alto,Q2,Q4 (mais alto),Q4 (mais alto)
2017,1,2017-S1,2017-06-01,Norte,PA,Pará,15,Belém,Privada,3º ano,8012,40,7972,0.5,2950.11,79.12,85.0,Baixo,Q3,Q4 (mais alto),Q4 (mais alto)
2017,1,2017-S1,2017-06-01,Norte,PA,Pará,15,Santarém,Pública,3º ano,14010,876,13134,6.25,2501.24,89.71,57.2,Médio,Q2,Q4 (mais alto),Q2
2017,1,2017-S1,2017-06-01,Norte,PA,Pará,15,Santarém,Privada,1º ano,21029,784,20245,3.73,2613.09,53.12,86.7,Baixo,Q2,Q1 (mais baixo),Q4 (mais alto)
2017,1,2017-S1,2017-06-01,Norte,RO,Rondônia,11,Porto Velho,Pública,1º ano,20474,2499,17975,12.21,2066.26,46.28,52.5,Alto,Q1 (mais baixo),Q1 (mais baixo),Q1 (mais baixo)
2017,1,2017-S1,2017-06-01,Norte,RO,Rondônia,11,Porto Velho,Privada,2º ano,48933,2229,46704,4.56,3463.16,59.8,79.2,Médio,Q4 (mais alto),Q2,Q3
2017,1,2017-S1,2017-06-01,Norte,TO,Tocantins,17,Palmas,Pública,1º ano,22643,2368,20275,10.46,2484.4,54.36,74.9,Alto,Q2,Q1 (mais baixo),Q3
2017,1,2017-S1,2017-06-01,Norte,TO,Tocantins,17,Palmas,Privada,2º ano,38202,897,37305,2.35,3111.8,59.64,90.5,Baixo,Q3,Q2,Q4 (mais alto)
2017,1,2017-S1,2017-06-01,Nordeste,BA,Bahia,29,Salvador,Pública,2º ano,18283,2029,16254,11.1,2440.82,66.35,54.7,Alto,Q2,Q3,Q1 (mais baixo)
2017,1,2017-S1,2017-06-01,Nordeste,BA,Bahia,29,Salvador,Privada,3º ano,40065,1419,38646,3.54,3383.18,64.47,84.3,Baixo,Q4 (mais alto),Q2,Q4 (mais alto)
2017,1,2017-S1,2017-06-01,Nordeste,BA,Bahia,29,Feira de Santana,Pública,1º ano,44514,5196,39318,11.67,2267.09,67.11,56.9,Alto,Q1 (mais baixo),Q3,Q1 (mais baixo)
2017,1,2017-S1,2017-06-01,Nordeste,BA,Bahia,29,Feira de Santana,Privada,3º ano,32308,1853,30455,5.74,3211.41,65.04,82.0,Médio,Q3,Q3,Q3
2017,1,2017-S1,2017-06-01,Nordeste,PE,Pernambuco,26,Recife,Pública,1º ano,31499,3132,28367,9.94,1661.15,42.93,67.4,Alto,Q1 (mais baixo),Q1 (mais baixo),Q2
2017,1,2017-S1,2017-06-01,Nordeste,PE,Pernambuco,26,Recife,Privada,1º ano,20407,516,19891,2.53,3156.12,58.56,84.4,Baixo,Q3,Q2,Q4 (mais alto)
2017,1,2017-S1,2017-06-01,Nordeste,PE,Pernambuco,26,Jaboatão dos Guararapes,Pública,1º ano,16687,1505,15182,9.02,1729.95,62.03,47.8,Alto,Q1 (mais baixo),Q2,Q1 (mais baixo)
2017,1,2017-S1,2017-06-01,Nordeste,PE,Pernambuco,26,Jaboatão dos Guararapes,Privada,1º ano,12999,519,12480,3.99,1556.05,48.63,93.4,Baixo,Q1 (mais baixo),Q1 (mais baixo),Q4 (mais alto)
2017,1,2017-S1,2017-06-01,Nordeste,CE,Ceará,23,Fortaleza,Pública,1º ano,49764,6401,43363,12.86,2857.15,67.69,58.6,Alto,Q3,Q3,Q2
2017,1,2017-S1,2017-06-01,Nordeste,CE,Ceará,23,Fortaleza,Privada,3º ano,38876,1885,36991,4.85,3021.62,59.96,74.9,Médio,Q3,Q2,Q3
2017,1,2017-S1,2017-06-01,Nordeste,CE,Ceará,23,Juazeiro do Norte,Pública,3º ano,4984,676,4308,13.56,2155.54,56.03,66.5,Crítico,Q1 (mais baixo),Q1 (mais baixo),Q2
2017,1,2017-S1,2017-06-01,Nordeste,CE,Ceará,23,Juazeiro do Norte,Privada,3º ano,25082,1024,24058,4.08,3506.37,95.28,93.9,Médio,Q4 (mais alto),Q4 (mais alto),Q4 (mais alto)
2017,1,2017-S1,2017-06-01,Nordeste,MA,Maranhão,21,São Luís,Pública,2º ano,46497,5924,40573,12.74,3423.3,62.86,63.7,Alto,Q4 (mais alto),Q2,Q2
2017,1,2017-S1,2017-06-01,Nordeste,MA,Maranhão,21,São Luís,Privada,2º ano,30332,981,29351,3.23,2491.73,92.71,62.0,Baixo,Q2,Q4 (mais alto),Q2
2017,1,2017-S1,2017-06-01,Nordeste,PB,Paraíba,25,João Pessoa,Pública,1º ano,41290,3476,37814,8.42,3553.63,74.69,62.8,Alto,Q4 (mais alto),Q4 (mais alto),Q2
2017,1,2017-S1,2017-06-01,Nordeste,PB,Paraíba,25,João Pessoa,Privada,1º ano,24328,342,23986,1.41,2896.67,61.47,75.3,Baixo,Q3,Q2,Q3
2017,1,2017-S1,2017-06-01,Centro-Oeste,DF,Distrito Federal,53,Brasília,Pública,2º ano,32647,3035,29612,9.3,3303.13,61.28,57.5,Alto,Q4 (mais alto),Q2,Q2
2017,1,2017-S1,2017-06-01,Centro-Oeste,DF,Distrito Federal,53,Brasília,Privada,2º ano,18811,1001,17810,5.32,1351.19,62.87,57.3,Médio,Q1 (mais baixo),Q2,Q2
2017,1,2017-S1,2017-06-01,Centro-Oeste,GO,Goiás,52,Goiânia,Pública,1º ano,40339,5045,35294,12.51,2825.51,73.71,62.3,Alto,Q3,Q4 (mais alto),Q2
2017,1,2017-S1,2017-06-01,Centro-Oeste,GO,Goiás,52,Goiânia,Privada,1º ano,13205,703,12502,5.32,2052.2,60.49,80.0,Médio,Q1 (mais baixo),Q2,Q3
2017,1,2017-S1,2017-06-01,Centro-Oeste,GO,Goiás,52,Aparecida de Goiânia,Pública,2º ano,16993,2093,14900,12.32,2507.05,47.2,60.5,Alto,Q2,Q1 (mais baixo),Q2
2017,1,2017-S1,2017-06-01,Centro-Oeste,GO,Goiás,52,Aparecida de Goiânia,Privada,2º ano,1357,7,1350,0.52,2315.1,51.83,53.0,Baixo,Q1 (mais baixo),Q1 (mais baixo),Q1 (mais baixo)
2017,1,2017-S1,2017-06-01,Centro-Oeste,MT,Mato Grosso,51,Cuiabá,Pública,3º ano,31199,3587,27612,11.5,2644.67,77.95,72.6,Alto,Q2,Q4 (mais alto),Q3
2017,1,2017-S1,2017-06-01,Centro-Oeste,MT,Mato Grosso,51,Cuiabá,Privada,3º ano,20609,793,19816,3.85,3175.95,53.74,74.0,Baixo,Q3,Q1 (mais baixo),Q3
2017,1,2017-S1,2017-06-01,Centro-Oeste,MS,Mato Grosso do Sul,50,Campo Grande,Pública,1º ano,10953,1217,9736,11.11,3609.57,60.45,91.2,Alto,Q4 (mais alto),Q2,Q4 (mais alto)
2017,1,2017-S1,2017-06-01,Centro-Oeste,MS,Mato Grosso do Sul,50,Campo Grande,Privada,3º ano,4612,142,4470,3.08,3622.08,43.09,76.7,Baixo,Q4 (mais alto),Q1 (mais baixo),Q3
2017,1,2017-S1,2017-06-01,Sudeste,SP,São Paulo,35,São Paulo,Pública,1º ano,11267,1188,10079,10.54,3703.7,76.85,56.8,Alto,Q4 (mais alto),Q4 (mais alto),Q1 (mais baixo)
2017,1,2017-S1,2017-06-01,Sudeste,SP,São Paulo,35,São Paulo,Privada,2º ano,37336,1898,35438,5.08,2929.56,83.5,72.6,Médio,Q3,Q4 (mais alto),Q3
2017,1,2017-S1,2017-06-01,Sudeste,SP,São Paulo,35,Campinas,Pública,1º ano,42433,4991,37442,11.76,3729.07,64.28,46.8,Alto,Q4 (mais alto),Q2,Q1 (mais baixo)
2017,1,2017-S1,2017-06-01,Sudeste,SP,São Paulo,35,Campinas,Privada,1º ano,28114,556,27558,1.98,1713.82,81.76,83.4,Baixo,Q1 (mais baixo),Q4 (mais alto),Q4 (mais alto)
2017,1,2017-S1,2017-06-01,Sudeste,SP,São Paulo,35,Ribeirão Preto,Pública,1º ano,2876,303,2573,10.54,2272.23,61.97,83.4,Alto,Q1 (mais baixo),Q2,Q4 (mais alto)
2017,1,2017-S1,2017-06-01,Sudeste,SP,São Paulo,35,Ribeirão Preto,Privada,3º ano,11235,385,10850,3.43,2770.49,33.38,46.5,Baixo,Q2,Q1 (mais baixo),Q1 (mais baixo)
2017,1,2017-S1,2017-06-01,Sudeste,RJ,Rio de Janeiro,33,Rio de Janeiro,Pública,2º ano,29829,3250,26579,10.9,3796.56,58.88,94.1,Alto,Q4 (mais alto),Q2,Q4 (mais alto)
2017,1,2017-S1,2017-06-01,Sudeste,RJ,Rio de Janeiro,33,Rio de Janeiro,Privada,3º ano,34755,1423,33332,4.09,2297.65,61.63,83.7,Médio,Q1 (mais baixo),Q2,Q4 (mais alto)
2017,1,2017-S1,2017-06-01,Sudeste,RJ,Rio de Janeiro,33,Niterói,Pública,1º ano,44025,5677,38348,12.89,2522.44,49.08,76.2,Alto,Q2,Q1 (mais baixo),Q3
2017,1,2017-S1,2017-06-01,Sudeste,RJ,Rio de Janeiro,33,Niterói,Privada,2º ano,8517,493,8024,5.79,3252.83,84.06,46.2,Médio,Q3,Q4 (mais alto),Q1 (mais baixo)
2017,1,2017-S1,2017-06-01,Sudeste,RJ,Rio de Janeiro,33,Nova Iguaçu,Pública,3º ano,33453,3337,30116,9.98,2621.51,64.85,70.2,Alto,Q2,Q3,Q3
2017,1,2017-S1,2017-06-01,Sudeste,RJ,Rio de Janeiro,33,Nova Iguaçu,Privada,3º ano,8458,191,8267,2.26,2656.65,48.36,80.4,Baixo,Q2,Q1 (mais baixo),Q3
2017,1,2017-S1,2017-06-01,Sudeste,RJ,Rio de Janeiro,33,Petrópolis,Pública,1º ano,10356,1219,9137,11.77,2410.22,69.93,46.6,Alto,Q2,Q3,Q1 (mais baixo)
2017,1,2017-S1,2017-06-01,Sudeste,RJ,Rio de Janeiro,33,Petrópolis,Privada,3º ano,22443,1120,21323,4.99,3422.96,74.19,70.8,Médio,Q4 (mais alto),Q4 (mais alto),Q3
2017,1,2017-S1,2017-06-01,Sudeste,MG,Minas Gerais,31,Belo Horizonte,Pública,2º ano,1932,182,1750,9.42,2655.25,99.63,87.2,Alto,Q2,Q4 (mais alto),Q4 (mais alto)
2017,1,2017-S1,2017-06-01,Sudeste,MG,Minas Gerais,31,Belo Horizonte,Privada,1º ano,3699,168,3531,4.54,4000.85,77.46,76.7,Médio,Q4 (mais alto),Q4 (mais alto),Q3
2017,1,2017-S1,2017-06-01,Sudeste,MG,Minas Gerais,31,Uberlândia,Pública,2º ano,36931,3540,33391,9.59,4598.57,58.78,78.4,Alto,Q4 (mais alto),Q2,Q3
2017,1,2017-S1,2017-06-01,Sudeste,MG,Minas Gerais,31,Uberlândia,Privada,3º ano,24973,926,24047,3.71,3569.63,63.88,63.9,Baixo,Q4 (mais alto),Q2,Q2
2017,1,2017-S1,2017-06-01,Sudeste,MG,Minas Gerais,31,Juiz de Fora,Pública,1º ano,22414,2023,20391,9.03,2146.4,63.44,89.6,Alto,Q1 (mais baixo),Q2,Q4 (mais alto)
2017,1,2017-S1,2017-06-01,Sudeste,MG,Minas Gerais,31,Juiz de Fora,Privada,3º ano,26644,311,26333,1.17,3601.54,70.02,60.3,Baixo,Q4 (mais alto),Q3,Q2
2017,1,2017-S1,2017-06-01,Sudeste,ES,Espírito Santo,32,Vitória,Pública,1º ano,22946,2106,20840,9.18,3502.38,71.34,51.6,Alto,Q4 (mais alto),Q3,Q1 (mais baixo)
2017,1,2017-S1,2017-06-01,Sudeste,ES,Espírito Santo,32,Vitória,Privada,3º ano,26720,676,26044,2.53,3250.21,59.41,87.1,Baixo,Q3,Q2,Q4 (mais alto)
2017,1,2017-S1,2017-06-01,Sudeste,ES,Espírito Santo,32,Vila Velha,Pública,3º ano,8129,762,7367,9.37,3268.67,63.94,78.4,Alto,Q3,Q2,Q3
2017,1,2017-S1,2017-06-01,Sudeste,ES,Espírito Santo,32,Vila Velha,Privada,2º ano,25640,2234,23406,8.71,2038.5,43.3,75.4,Alto,Q1 (mais baixo),Q1 (mais baixo),Q3
2017,1,2017-S1,2017-06-01,Sudeste,ES,Espírito Santo,32,Serra,Pública,2º ano,29185,3473,25712,11.9,2622.16,57.93,74.1,Alto,Q2,Q2,Q3
2017,1,2017-S1,2017-06-01,Sudeste,ES,Espírito Santo,32,Serra,Privada,3º ano,22029,1509,20520,6.85,2446.3,60.69,70.8,Médio,Q2,Q2,Q3
2017,1,2017-S1,2017-06-01,Sul,PR,Paraná,41,Curitiba,Pública,1º ano,31084,3342,27742,10.75,3224.96,50.58,45.1,Alto,Q3,Q1 (mais baixo),Q1 (mais baixo)
2017,1,2017-S1,2017-06-01,Sul,PR,Paraná,41,Curitiba,Privada,1º ano,17965,387,17578,2.15,2449.71,85.6,92.6,Baixo,Q2,Q4 (mais alto),Q4 (mais alto)
2017,1,2017-S1,2017-06-01,Sul,PR,Paraná,41,Londrina,Pública,1º ano,42167,5154,37013,12.22,2072.31,77.2,78.8,Alto,Q1 (mais baixo),Q4 (mais alto),Q3
2017,1,2017-S1,2017-06-01,Sul,PR,Paraná,41,Londrina,Privada,1º ano,39212,1396,37816,3.56,2699.61,69.72,47.5,Baixo,Q2,Q3,Q1 (mais baixo)
2017,1,2017-S1,2017-06-01,Sul,SC,Santa Catarina,42,Florianópolis,Pública,1º ano,6333,765,5568,12.08,3619.41,56.69,93.4,Alto,Q4 (mais alto),Q2,Q4 (mais alto)
2017,1,2017-S1,2017-06-01,Sul,SC,Santa Catarina,42,Florianópolis,Privada,3º ano,47113,2149,44964,4.56,2071.43,67.1,52.8,Médio,Q1 (mais baixo),Q3,Q1 (mais baixo)
2017,1,2017-S1,2017-06-01,Sul,SC,Santa Catarina,42,Joinville,Pública,1º ano,3405,322,3083,9.46,2359.63,44.84,84.3,Alto,Q2,Q1 (mais baixo),Q4 (mais alto)
2017,1,2017-S1,2017-06-01,Sul,SC,Santa Catarina,42,Joinville,Privada,3º ano,2275,120,2155,5.27,3305.92,68.73,45.6,Médio,Q4 (mais alto),Q3,Q1 (mais baixo)
2017,1,2017-S1,2017-06-01,Sul,RS,Rio Grande do Sul,43,Porto Alegre,Pública,3º ano,16160,1804,14356,11.16,2916.07,74.91,85.2,Alto,Q3,Q4 (mais alto),Q4 (mais alto)
2017,1,2017-S1,2017-06-01,Sul,RS,Rio Grande do Sul,43,Porto Alegre,Privada,1º ano,13342,783,12559,5.87,3479.17,93.33,67.4,Médio,Q4 (mais alto),Q4 (mais alto),Q2
2017,1,2017-S1,2017-06-01,Sul,RS,Rio Grande do Sul,43,Caxias do Sul,Pública,3º ano,38815,2974,35841,7.66,2418.48,60.9,45.3,Médio,Q2,Q2,Q1 (mais baixo)
2017,1,2017-S1,2017-06-01,Sul,RS,Rio Grande do Sul,43,Caxias do Sul,Privada,3º ano,49294,2855,46439,5.79,2154.92,83.77,62.7,Médio,Q1 (mais baixo),Q4 (mais alto),Q2
2017,2,2017-S2,2017-12-01,Norte,AM,Amazonas,13,Manaus,Pública,2º ano,45077,4705,40372,10.44,3114.82,54.81,84.2,Alto,Q3,Q1 (mais baixo),Q4 (mais alto)
2017,2,2017-S2,2017-12-01,Norte,AM,Amazonas,13,Manaus,Privada,2º ano,43439,2379,41060,5.48,2913.4,73.44,61.8,Médio,Q3,Q4 (mais alto),Q2
2017,2,2017-S2,2017-12-01,Norte,PA,Pará,15,Belém,Pública,1º ano,18326,1719,16607,9.38,2747.4,46.29,57.2,Alto,Q2,Q1 (mais baixo),Q2
2017,2,2017-S2,2017-12-01,Norte,PA,Pará,15,Belém,Privada,2º ano,21294,1077,20217,5.06,2773.25,83.81,46.8,Médio,Q2,Q4 (mais alto),Q1 (mais baixo)
2017,2,2017-S2,2017-12-01,Norte,PA,Pará,15,Santarém,Pública,1º ano,22599,2834,19765,12.54,2898.68,43.54,81.7,Alto,Q3,Q1 (mais baixo),Q3
2017,2,2017-S2,2017-12-01,Norte,PA,Pará,15,Santarém,Privada,3º ano,35520,1379,34141,3.88,4050.43,70.68,75.8,Baixo,Q4 (mais alto),Q3,Q3
2017,2,2017-S2,2017-12-01,Norte,RO,Rondônia,11,Porto Velho,Pública,1º ano,24099,2194,21905,9.1,2678.32,72.1,53.6,Alto,Q2,Q3,Q1 (mais baixo)
2017,2,2017-S2,2017-12-01,Norte,RO,Rondônia,11,Porto Velho,Privada,2º ano,12688,269,12419,2.12,2778.48,94.46,68.0,Baixo,Q2,Q4 (mais alto),Q2
2017,2,2017-S2,2017-12-01,Norte,TO,Tocantins,17,Palmas,Pública,2º ano,9351,793,8558,8.48,3257.05,54.25,67.1,Alto,Q3,Q1 (mais baixo),Q2
2017,2,2017-S2,2017-12-01,Norte,TO,Tocantins,17,Palmas,Privada,2º ano,35843,1420,34423,3.96,2377.24,65.42,66.8,Baixo,Q2,Q3,Q2
2017,2,2017-S2,2017-12-01,Nordeste,BA,Bahia,29,Salvador,Pública,1º ano,41654,5543,36111,13.31,3090.91,41.05,51.5,Crítico,Q3,Q1 (mais baixo),Q1 (mais baixo)
2017,2,2017-S2,2017-12-01,Nordeste,BA,Bahia,29,Salvador,Privada,2º ano,40225,2352,37873,5.85,2000.89,59.82,82.2,Médio,Q1 (mais baixo),Q2,Q4 (mais alto)
2017,2,2017-S2,2017-12-01,Nordeste,BA,Bahia,29,Feira de Santana,Pública,3º ano,7753,867,6886,11.18,2071.53,57.19,73.9,Alto,Q1 (mais baixo),Q2,Q3
2017,2,2017-S2,2017-12-01,Nordeste,BA,Bahia,29,Feira de Santana,Privada,3º ano,49085,1832,47253,3.73,2419.49,69.01,67.0,Baixo,Q2,Q3,Q2
2017,2,2017-S2,2017-12-01,Nordeste,PE,Pernambuco,26,Recife,Pública,2º ano,47196,5284,41912,11.2,2265.71,62.56,68.5,Alto,Q1 (mais baixo),Q2,Q2
2017,2,2017-S2,2017-12-01,Nordeste,PE,Pernambuco,26,Recife,Privada,1º ano,48288,2030,46258,4.2,2186.74,53.01,89.1,Médio,Q1 (mais baixo),Q1 (mais baixo),Q4 (mais alto)
2017,2,2017-S2,2017-12-01,Nordeste,PE,Pernambuco,26,Jaboatão dos Guararapes,Pública,3º ano,49759,6282,43477,12.62,3293.06,41.0,88.7,Alto,Q4 (mais alto),Q1 (mais baixo),Q4 (mais alto)
2017,2,2017-S2,2017-12-01,Nordeste,PE,Pernambuco,26,Jaboatão dos Guararapes,Privada,3º ano,14054,481,13573,3.42,2244.65,69.79,55.0,Baixo,Q1 (mais baixo),Q3,Q1 (mais baixo)
2017,2,2017-S2,2017-12-01,Nordeste,CE,Ceará,23,Fortaleza,Pública,2º ano,38514,3762,34752,9.77,2276.94,61.23,59.2,Alto,Q1 (mais baixo),Q2,Q2
2017,2,2017-S2,2017-12-01,Nordeste,CE,Ceará,23,Fortaleza,Privada,2º ano,12845,663,12182,5.16,2925.16,71.55,55.9,Médio,Q3,Q3,Q1 (mais baixo)
2017,2,2017-S2,2017-12-01,Nordeste,CE,Ceará,23,Juazeiro do Norte,Pública,3º ano,33205,3576,29629,10.77,2876.42,56.55,76.5,Alto,Q3,Q1 (mais baixo),Q3
2017,2,2017-S2,2017-12-01,Nordeste,CE,Ceará,23,Juazeiro do Norte,Privada,1º ano,29797,1420,28377,4.77,2418.12,57.85,87.4,Médio,Q2,Q2,Q4 (mais alto)
2017,2,2017-S2,2017-12-01,Nordeste,MA,Maranhão,21,São Luís,Pública,3º ano,24566,2372,22194,9.66,3265.14,64.57,87.7,Alto,Q3,Q3,Q4 (mais alto)
2017,2,2017-S2,2017-12-01,Nordeste,MA,Maranhão,21,São Luís,Privada,1º ano,30803,1660,29143,5.39,2229.01,65.52,49.0,Médio,Q1 (mais baixo),Q3,Q1 (mais baixo)
2017,2,2017-S2,2017-12-01,Nordeste,PB,Paraíba,25,João Pessoa,Pública,1º ano,13714,1585,12129,11.56,2588.22,46.76,94.5,Alto,Q2,Q1 (mais baixo),Q4 (mais alto)
2017,2,2017-S2,2017-12-01,Nordeste,PB,Paraíba,25,João Pessoa,Privada,1º ano,19420,729,18691,3.75,2484.82,53.42,49.8,Baixo,Q2,Q1 (mais baixo),Q1 (mais baixo)
2017,2,2017-S2,2017-12-01,Centro-Oeste,DF,Distrito Federal,53,Brasília,Pública,2º ano,1006,59,947,5.86,3346.57,65.15,93.9,Médio,Q4 (mais alto),Q3,Q4 (mais alto)
2017,2,2017-S2,2017-12-01,Centro-Oeste,DF,Distrito Federal,53,Brasília,Privada,2º ano,13117,164,12953,1.25,3276.38,71.26,55.8,Baixo,Q4 (mais alto),Q3,Q1 (mais baixo)
2017,2,2017-S2,2017-12-01,Centro-Oeste,GO,Goiás,52,Goiânia,Pública,2º ano,5556,581,4975,10.46,2633.2,68.91,54.0,Alto,Q2,Q3,Q1 (mais baixo)
2017,2,2017-S2,2017-12-01,Centro-Oeste,GO,Goiás,52,Goiânia,Privada,2º ano,24371,1232,23139,5.06,3289.49,44.77,59.2,Médio,Q4 (mais alto),Q1 (mais baixo),Q2
2017,2,2017-S2,2017-12-01,Centro-Oeste,GO,Goiás,52,Aparecida de Goiânia,Pública,1º ano,18821,1502,17319,7.98,2370.69,78.93,60.4,Médio,Q2,Q4 (mais alto),Q2
2017,2,2017-S2,2017-12-01,Centro-Oeste,GO,Goiás,52,Aparecida de Goiânia,Privada,3º ano,43309,2509,40800,5.79,3179.06,76.21,53.7,Médio,Q3,Q4 (mais alto),Q1 (mais baixo)
2017,2,2017-S2,2017-12-01,Centro-Oeste,MT,Mato Grosso,51,Cuiabá,Pública,3º ano,42475,4533,37942,10.67,3223.22,67.5,91.1,Alto,Q3,Q3,Q4 (mais alto)
2017,2,2017-S2,2017-12-01,Centro-Oeste,MT,Mato Grosso,51,Cuiabá,Privada,1º ano,3291,168,3123,5.1,3377.59,69.22,54.8,Médio,Q4 (mais alto),Q3,Q1 (mais baixo)
2017,2,2017-S2,2017-12-01,Centro-Oeste,MS,Mato Grosso do Sul,50,Campo Grande,Pública,3º ano,4617,562,4055,12.17,3073.25,58.59,58.4,Alto,Q3,Q2,Q2
2017,2,2017-S2,2017-12-01,Centro-Oeste,MS,Mato Grosso do Sul,50,Campo Grande,Privada,3º ano,46919,3918,43001,8.35,2130.56,83.57,73.3,Alto,Q1 (mais baixo),Q4 (mais alto),Q3
2017,2,2017-S2,2017-12-01,Sudeste,SP,São Paulo,35,São Paulo,Pública,1º ano,21064,1895,19169,9.0,3732.66,60.32,87.4,Alto,Q4 (mais alto),Q2,Q4 (mais alto)
2017,2,2017-S2,2017-12-01,Sudeste,SP,São Paulo,35,São Paulo,Privada,3º ano,26922,994,25928,3.69,1759.03,80.24,55.3,Baixo,Q1 (mais baixo),Q4 (mais alto),Q1 (mais baixo)
2017,2,2017-S2,2017-12-01,Sudeste,SP,São Paulo,35,Campinas,Pública,2º ano,46517,4683,41834,10.07,4116.98,51.81,79.0,Alto,Q4 (mais alto),Q1 (mais baixo),Q3
2017,2,2017-S2,2017-12-01,Sudeste,SP,São Paulo,35,Campinas,Privada,2º ano,35711,1369,34342,3.83,3252.54,76.4,62.4,Baixo,Q3,Q4 (mais alto),Q2
2017,2,2017-S2,2017-12-01,Sudeste,SP,São Paulo,35,Ribeirão Preto,Pública,3º ano,40760,4248,36512,10.42,2358.71,52.84,72.8,Alto,Q2,Q1 (mais baixo),Q3
2017,2,2017-S2,2017-12-01,Sudeste,SP,São Paulo,35,Ribeirão Preto,Privada,1º ano,9502,362,9140,3.81,2314.25,70.57,54.1,Baixo,Q1 (mais baixo),Q3,Q1 (mais baixo)
2017,2,2017-S2,2017-12-01,Sudeste,RJ,Rio de Janeiro,33,Rio de Janeiro,Pública,2º ano,46515,4954,41561,10.65,2632.14,60.29,55.7,Alto,Q2,Q2,Q1 (mais baixo)
2017,2,2017-S2,2017-12-01,Sudeste,RJ,Rio de Janeiro,33,Rio de Janeiro,Privada,3º ano,43107,3180,39927,7.38,3266.6,67.23,45.5,Médio,Q3,Q3,Q1 (mais baixo)
2017,2,2017-S2,2017-12-01,Sudeste,RJ,Rio de Janeiro,33,Niterói,Pública,2º ano,29131,3136,25995,10.77,2355.96,72.09,67.9,Alto,Q1 (mais baixo),Q3,Q2
2017,2,2017-S2,2017-12-01,Sudeste,RJ,Rio de Janeiro,33,Niterói,Privada,1º ano,23228,2249,20979,9.68,2226.42,69.33,61.6,Alto,Q1 (mais baixo),Q3,Q2
2017,2,2017-S2,2017-12-01,Sudeste,RJ,Rio de Janeiro,33,Nova Iguaçu,Pública,3º ano,7022,553,6469,7.88,2886.16,63.76,87.1,Médio,Q3,Q2,Q4 (mais alto)
2017,2,2017-S2,2017-12-01,Sudeste,RJ,Rio de Janeiro,33,Nova Iguaçu,Privada,2º ano,44032,3370,40662,7.65,1281.21,74.47,84.5,Médio,Q1 (mais baixo),Q4 (mais alto),Q4 (mais alto)
2017,2,2017-S2,2017-12-01,Sudeste,RJ,Rio de Janeiro,33,Petrópolis,Pública,2º ano,33725,2881,30844,8.54,2234.53,68.1,78.4,Alto,Q1 (mais baixo),Q3,Q3
2017,2,2017-S2,2017-12-01,Sudeste,RJ,Rio de Janeiro,33,Petrópolis,Privada,3º ano,42876,214,42662,0.5,3142.59,43.48,93.4,Baixo,Q3,Q1 (mais baixo),Q4 (mais alto)
2017,2,2017-S2,2017-12-01,Sudeste,MG,Minas Gerais,31,Belo Horizonte,Pública,2º ano,10195,1346,8849,13.2,2055.58,73.98,71.1,Crítico,Q1 (mais baixo),Q4 (mais alto),Q3
2017,2,2017-S2,2017-12-01,Sudeste,MG,Minas Gerais,31,Belo Horizonte,Privada,2º ano,49737,816,48921,1.64,1765.98,71.43,71.7,Baixo,Q1 (mais baixo),Q3,Q3
2017,2,2017-S2,2017-12-01,Sudeste,MG,Minas Gerais,31,Uberlândia,Pública,2º ano,41217,5307,35910,12.88,2576.57,72.19,57.9,Alto,Q2,Q3,Q2
2017,2,2017-S2,2017-12-01,Sudeste,MG,Minas Gerais,31,Uberlândia,Privada,1º ano,5594,92,5502,1.64,3082.75,81.57,81.0,Baixo,Q3,Q4 (mais alto),Q3
2017,2,2017-S2,2017-12-01,Sudeste,MG,Minas Gerais,31,Juiz de Fora,Pública,1º ano,27379,2436,24943,8.9,2664.01,71.23,73.7,Alto,Q2,Q3,Q3
2017,2,2017-S2,2017-12-01,Sudeste,MG,Minas Gerais,31,Juiz de Fora,Privada,1º ano,33429,1722,31707,5.15,2600.55,59.38,69.0,Médio,Q2,Q2,Q2
2017,2,2017-S2,2017-12-01,Sudeste,ES,Espírito Santo,32,Vitória,Pública,3º ano,40538,5551,34987,13.69,3241.41,50.35,91.2,Crítico,Q3,Q1 (mais baixo),Q4 (mais alto)
2017,2,2017-S2,2017-12-01,Sudeste,ES,Espírito Santo,32,Vitória,Privada,1º ano,19585,278,19307,1.42,2917.9,69.83,82.3,Baixo,Q3,Q3,Q4 (mais alto)
2017,2,2017-S2,2017-12-01,Sudeste,ES,Espírito Santo,32,Vila Velha,Pública,1º ano,44620,4941,39679,11.07,3040.75,78.58,53.2,Alto,Q3,Q4 (mais alto),Q1 (mais baixo)
2017,2,2017-S2,2017-12-01,Sudeste,ES,Espírito Santo,32,Vila Velha,Privada,3º ano,43243,2782,40461,6.43,3237.12,55.5,54.7,Médio,Q3,Q1 (mais baixo),Q1 (mais baixo)
2017,2,2017-S2,2017-12-01,Sudeste,ES,Espírito Santo,32,Serra,Pública,3º ano,1866,137,1729,7.34,2805.42,80.91,62.9,Médio,Q2,Q4 (mais alto),Q2
2017,2,2017-S2,2017-12-01,Sudeste,ES,Espírito Santo,32,Serra,Privada,1º ano,4251,354,3897,8.33,2243.52,75.81,50.9,Alto,Q1 (mais baixo),Q4 (mais alto),Q1 (mais baixo)
2017,2,2017-S2,2017-12-01,Sul,PR,Paraná,41,Curitiba,Pública,2º ano,33997,2570,31427,7.56,3645.53,61.61,92.0,Médio,Q4 (mais alto),Q2,Q4 (mais alto)
2017,2,2017-S2,2017-12-01,Sul,PR,Paraná,41,Curitiba,Privada,3º ano,49255,872,48383,1.77,2191.86,62.29,69.6,Baixo,Q1 (mais baixo),Q2,Q2
2017,2,2017-S2,2017-12-01,Sul,PR,Paraná,41,Londrina,Pública,3º ano,22521,2003,20518,8.89,1884.21,61.24,67.8,Alto,Q1 (mais baixo),Q2,Q2
2017,2,2017-S2,2017-12-01,Sul,PR,Paraná,41,Londrina,Privada,2º ano,41039,3210,37829,7.82,3713.84,36.69,94.3,Médio,Q4 (mais alto),Q1 (mais baixo),Q4 (mais alto)
2017,2,2017-S2,2017-12-01,Sul,SC,Santa Catarina,42,Florianópolis,Pública,2º ano,34246,2481,31765,7.24,3187.18,66.6,68.2,Médio,Q3,Q3,Q2
2017,2,2017-S2,2017-12-01,Sul,SC,Santa Catarina,42,Florianópolis,Privada,1º ano,2232,109,2123,4.88,1773.76,72.43,90.1,Médio,Q1 (mais baixo),Q3,Q4 (mais alto)
2017,2,2017-S2,2017-12-01,Sul,SC,Santa Catarina,42,Joinville,Pública,3º ano,3582,338,3244,9.44,3936.94,52.28,56.2,Alto,Q4 (mais alto),Q1 (mais baixo),Q1 (mais baixo)
2017,2,2017-S2,2017-12-01,Sul,SC,Santa Catarina,42,Joinville,Privada,1º ano,16568,380,16188,2.29,1895.7,63.13,86.8,Baixo,Q1 (mais baixo),Q2,Q4 (mais alto)
2017,2,2017-S2,2017-12-01,Sul,RS,Rio Grande do Sul,43,Porto Alegre,Pública,1º ano,10553,1572,8981,14.9,2842.04,72.01,61.9,Crítico,Q3,Q3,Q2
2017,2,2017-S2,2017-12-01,Sul,RS,Rio Grande do Sul,43,Porto Alegre,Privada,3º ano,38885,1166,37719,3.0,2327.34,66.16,87.7,Baixo,Q1 (mais baixo),Q3,Q4 (mais alto)
2017,2,2017-S2,2017-12-01,Sul,RS,Rio Grande do Sul,43,Caxias do Sul,Pública,3º ano,21352,1551,19801,7.26,1695.48,74.99,76.1,Médio,Q1 (mais baixo),Q4 (mais alto),Q3
2017,2,2017-S2,2017-12-01,Sul,RS,Rio Grande do Sul,43,Caxias do Sul,Privada,2º ano,5178,138,5040,2.67,2430.04,73.66,79.7,Baixo,Q2,Q4 (mais alto),Q3
2018,1,2018-S1,2018-06-01,Norte,AM,Amazonas,13,Manaus,Pública,3º ano,43620,4713,38907,10.8,3757.41,44.1,68.0,Alto,Q4 (mais alto),Q1 (mais baixo),Q2
2018,1,2018-S1,2018-06-01,Norte,AM,Amazonas,13,Manaus,Privada,1º ano,49169,1064,48105,2.16,2334.33,44.11,54.0,Baixo,Q1 (mais baixo),Q1 (mais baixo),Q1 (mais baixo)
2018,1,2018-S1,2018-06-01,Norte,PA,Pará,15,Belém,Pública,2º ano,12815,1117,11698,8.72,2426.19,61.24,54.5,Alto,Q2,Q2,Q1 (mais baixo)
2018,1,2018-S1,2018-06-01,Norte,PA,Pará,15,Belém,Privada,3º ano,36673,1821,34852,4.97,3193.59,67.26,89.5,Médio,Q3,Q3,Q4 (mais alto)
2018,1,2018-S1,2018-06-01,Norte,PA,Pará,15,Santarém,Pública,2º ano,47220,3933,43287,8.33,2121.42,78.79,56.6,Alto,Q1 (mais baixo),Q4 (mais alto),Q1 (mais baixo)
2018,1,2018-S1,2018-06-01,Norte,PA,Pará,15,Santarém,Privada,1º ano,47800,2569,45231,5.37,3643.24,74.4,69.2,Médio,Q4 (mais alto),Q4 (mais alto),Q2
2018,1,2018-S1,2018-06-01,Norte,RO,Rondônia,11,Porto Velho,Pública,1º ano,11181,1055,10126,9.44,3195.49,47.22,82.7,Alto,Q3,Q1 (mais baixo),Q4 (mais alto)
2018,1,2018-S1,2018-06-01,Norte,RO,Rondônia,11,Porto Velho,Privada,1º ano,2409,173,2236,7.18,3158.01,65.53,59.2,Médio,Q3,Q3,Q2
2018,1,2018-S1,2018-06-01,Norte,TO,Tocantins,17,Palmas,Pública,2º ano,18238,1922,16316,10.54,2378.87,70.21,87.7,Alto,Q2,Q3,Q4 (mais alto)
2018,1,2018-S1,2018-06-01,Norte,TO,Tocantins,17,Palmas,Privada,3º ano,35928,1186,34742,3.3,2474.31,68.55,50.8,Baixo,Q2,Q3,Q1 (mais baixo)
2018,1,2018-S1,2018-06-01,Nordeste,BA,Bahia,29,Salvador,Pública,3º ano,48200,5474,42726,11.36,3338.23,80.1,81.6,Alto,Q4 (mais alto),Q4 (mais alto),Q3
2018,1,2018-S1,2018-06-01,Nordeste,BA,Bahia,29,Salvador,Privada,3º ano,7665,227,7438,2.96,4546.03,75.55,51.7,Baixo,Q4 (mais alto),Q4 (mais alto),Q1 (mais baixo)
2018,1,2018-S1,2018-06-01,Nordeste,BA,Bahia,29,Feira de Santana,Pública,1º ano,42558,3987,38571,9.37,3756.52,57.32,77.0,Alto,Q4 (mais alto),Q2,Q3
2018,1,2018-S1,2018-06-01,Nordeste,BA,Bahia,29,Feira de Santana,Privada,1º ano,47811,635,47176,1.33,3089.1,57.02,52.8,Baixo,Q3,Q2,Q1 (mais baixo)
2018,1,2018-S1,2018-06-01,Nordeste,PE,Pernambuco,26,Recife,Pública,2º ano,25984,3708,22276,14.27,3470.39,65.23,50.1,Crítico,Q4 (mais alto),Q3,Q1 (mais baixo)
2018,1,2018-S1,2018-06-01,Nordeste,PE,Pernambuco,26,Recife,Privada,1º ano,43575,217,43358,0.5,2459.4,70.19,86.0,Baixo,Q2,Q3,Q4 (mais alto)
2018,1,2018-S1,2018-06-01,Nordeste,PE,Pernambuco,26,Jaboatão dos Guararapes,Pública,1º ano,26770,2370,24400,8.85,2777.64,65.74,77.5,Alto,Q2,Q3,Q3
2018,1,2018-S1,2018-06-01,Nordeste,PE,Pernambuco,26,Jaboatão dos Guararapes,Privada,3º ano,45928,2331,43597,5.08,3192.56,55.82,74.5,Médio,Q3,Q1 (mais baixo),Q3
2018,1,2018-S1,2018-06-01,Nordeste,CE,Ceará,23,Fortaleza,Pública,2º ano,19817,2200,17617,11.1,878.02,70.11,91.3,Alto,Q1 (mais baixo),Q3,Q4 (mais alto)
2018,1,2018-S1,2018-06-01,Nordeste,CE,Ceará,23,Fortaleza,Privada,3º ano,6083,212,5871,3.49,3001.52,68.76,72.9,Baixo,Q3,Q3,Q3
2018,1,2018-S1,2018-06-01,Nordeste,CE,Ceará,23,Juazeiro do Norte,Pública,1º ano,43508,3569,39939,8.2,2789.47,91.25,90.9,Alto,Q2,Q4 (mais alto),Q4 (mais alto)
2018,1,2018-S1,2018-06-01,Nordeste,CE,Ceará,23,Juazeiro do Norte,Privada,3º ano,34238,1406,32832,4.11,3050.24,70.07,84.8,Médio,Q3,Q3,Q4 (mais alto)
2018,1,2018-S1,2018-06-01,Nordeste,MA,Maranhão,21,São Luís,Pública,2º ano,33121,2927,30194,8.84,3302.88,40.64,91.6,Alto,Q4 (mais alto),Q1 (mais baixo),Q4 (mais alto)
2018,1,2018-S1,2018-06-01,Nordeste,MA,Maranhão,21,São Luís,Privada,1º ano,27186,1429,25757,5.26,2208.01,65.27,52.8,Médio,Q1 (mais baixo),Q3,Q1 (mais baixo)
2018,1,2018-S1,2018-06-01,Nordeste,PB,Paraíba,25,João Pessoa,Pública,1º ano,25804,3959,21845,15.34,2049.73,51.77,55.1,Crítico,Q1 (mais baixo),Q1 (mais baixo),Q1 (mais baixo)
2018,1,2018-S1,2018-06-01,Nordeste,PB,Paraíba,25,João Pessoa,Privada,3º ano,41217,1886,39331,4.58,3356.56,58.72,78.7,Médio,Q4 (mais alto),Q2,Q3
2018,1,2018-S1,2018-06-01,Centro-Oeste,DF,Distrito Federal,53,Brasília,Pública,1º ano,32234,4606,27628,14.29,2245.87,60.42,66.7,Crítico,Q1 (mais baixo),Q2,Q2
2018,1,2018-S1,2018-06-01,Centro-Oeste,DF,Distrito Federal,53,Brasília,Privada,1º ano,41946,2341,39605,5.58,2439.84,62.61,86.5,Médio,Q2,Q2,Q4 (mais alto)
2018,1,2018-S1,2018-06-01,Centro-Oeste,GO,Goiás,52,Goiânia,Pública,2º ano,13472,849,12623,6.3,1645.21,68.91,78.2,Médio,Q1 (mais baixo),Q3,Q3
2018,1,2018-S1,2018-06-01,Centro-Oeste,GO,Goiás,52,Goiânia,Privada,1º ano,40199,2704,37495,6.73,2741.01,57.63,89.4,Médio,Q2,Q2,Q4 (mais alto)
2018,1,2018-S1,2018-06-01,Centro-Oeste,GO,Goiás,52,Aparecida de Goiânia,Pública,2º ano,21716,1458,20258,6.71,3027.16,63.51,68.5,Médio,Q3,Q2,Q2
2018,1,2018-S1,2018-06-01,Centro-Oeste,GO,Goiás,52,Aparecida de Goiânia,Privada,3º ano,32447,2064,30383,6.36,2053.94,52.6,75.3,Médio,Q1 (mais baixo),Q1 (mais baixo),Q3
2018,1,2018-S1,2018-06-01,Centro-Oeste,MT,Mato Grosso,51,Cuiabá,Pública,3º ano,26963,3589,23374,13.31,2458.27,60.47,76.4,Crítico,Q2,Q2,Q3
2018,1,2018-S1,2018-06-01,Centro-Oeste,MT,Mato Grosso,51,Cuiabá,Privada,1º ano,40292,2364,37928,5.87,3582.16,64.96,78.3,Médio,Q4 (mais alto),Q3,Q3
2018,1,2018-S1,2018-06-01,Centro-Oeste,MS,Mato Grosso do Sul,50,Campo Grande,Pública,2º ano,31444,3008,28436,9.57,3203.25,62.6,92.9,Alto,Q3,Q2,Q4 (mais alto)
2018,1,2018-S1,2018-06-01,Centro-Oeste,MS,Mato Grosso do Sul,50,Campo Grande,Privada,1º ano,48473,2406,46067,4.96,2527.8,77.32,82.1,Médio,Q2,Q4 (mais alto),Q3
2018,1,2018-S1,2018-06-01,Sudeste,SP,São Paulo,35,São Paulo,Pública,3º ano,28680,4045,24635,14.1,2033.14,80.45,64.9,Crítico,Q1 (mais baixo),Q4 (mais alto),Q2
2018,1,2018-S1,2018-06-01,Sudeste,SP,São Paulo,35,São Paulo,Privada,1º ano,48476,2134,46342,4.4,3705.87,59.15,58.2,Médio,Q4 (mais alto),Q2,Q2
2018,1,2018-S1,2018-06-01,Sudeste,SP,São Paulo,35,Campinas,Pública,3º ano,11919,1255,10664,10.53,2765.77,61.31,46.2,Alto,Q2,Q2,Q1 (mais baixo)
2018,1,2018-S1,2018-06-01,Sudeste,SP,São Paulo,35,Campinas,Privada,3º ano,18450,564,17886,3.06,2999.66,64.02,78.0,Baixo,Q3,Q2,Q3
2018,1,2018-S1,2018-06-01,Sudeste,SP,São Paulo,35,Ribeirão Preto,Pública,2º ano,1803,195,1608,10.82,1938.96,49.44,60.1,Alto,Q1 (mais baixo),Q1 (mais baixo),Q2
2018,1,2018-S1,2018-06-01,Sudeste,SP,São Paulo,35,Ribeirão Preto,Privada,2º ano,26844,1939,24905,7.22,2477.88,70.49,71.5,Médio,Q2,Q3,Q3
2018,1,2018-S1,2018-06-01,Sudeste,RJ,Rio de Janeiro,33,Rio de Janeiro,Pública,2º ano,13767,1679,12088,12.2,2730.03,50.26,74.7,Alto,Q2,Q1 (mais baixo),Q3
2018,1,2018-S1,2018-06-01,Sudeste,RJ,Rio de Janeiro,33,Rio de Janeiro,Privada,3º ano,27051,1238,25813,4.58,2867.6,83.34,80.6,Médio,Q3,Q4 (mais alto),Q3
2018,1,2018-S1,2018-06-01,Sudeste,RJ,Rio de Janeiro,33,Niterói,Pública,1º ano,46727,6112,40615,13.08,3398.44,59.66,94.5,Crítico,Q4 (mais alto),Q2,Q4 (mais alto)
2018,1,2018-S1,2018-06-01,Sudeste,RJ,Rio de Janeiro,33,Niterói,Privada,3º ano,37054,2098,34956,5.66,2175.38,52.28,59.4,Médio,Q1 (mais baixo),Q1 (mais baixo),Q2
2018,1,2018-S1,2018-06-01,Sudeste,RJ,Rio de Janeiro,33,Nova Iguaçu,Pública,3º ano,41173,4107,37066,9.97,2325.46,59.78,67.4,Alto,Q1 (mais baixo),Q2,Q2
2018,1,2018-S1,2018-06-01,Sudeste,RJ,Rio de Janeiro,33,Nova Iguaçu,Privada,1º ano,20135,1377,18758,6.84,2006.03,64.15,94.3,Médio,Q1 (mais baixo),Q2,Q4 (mais alto)
2018,1,2018-S1,2018-06-01,Sudeste,RJ,Rio de Janeiro,33,Petrópolis,Pública,2º ano,9414,668,8746,7.1,2619.04,84.25,79.5,Médio,Q2,Q4 (mais alto),Q3
2018,1,2018-S1,2018-06-01,Sudeste,RJ,Rio de Janeiro,33,Petrópolis,Privada,1º ano,34056,1496,32560,4.39,2563.53,63.56,56.2,Médio,Q2,Q2,Q1 (mais baixo)
2018,1,2018-S1,2018-06-01,Sudeste,MG,Minas Gerais,31,Belo Horizonte,Pública,1º ano,23969,3367,20602,14.05,3201.55,57.33,94.9,Crítico,Q3,Q2,Q4 (mais alto)
2018,1,2018-S1,2018-06-01,Sudeste,MG,Minas Gerais,31,Belo Horizonte,Privada,3º ano,25237,889,24348,3.52,2980.23,64.23,61.0,Baixo,Q3,Q2,Q2
2018,1,2018-S1,2018-06-01,Sudeste,MG,Minas Gerais,31,Uberlândia,Pública,1º ano,20840,2059,18781,9.88,2403.13,87.51,84.5,Alto,Q2,Q4 (mais alto),Q4 (mais alto)
2018,1,2018-S1,2018-06-01,Sudeste,MG,Minas Gerais,31,Uberlândia,Privada,3º ano,22360,1108,21252,4.96,3554.97,63.09,70.7,Médio,Q4 (mais alto),Q2,Q3
2018,1,2018-S1,2018-06-01,Sudeste,MG,Minas Gerais,31,Juiz de Fora,Pública,2º ano,32438,3487,28951,10.75,2973.76,95.25,58.2,Alto,Q3,Q4 (mais alto),Q2
2018,1,2018-S1,2018-06-01,Sudeste,MG,Minas Gerais,31,Juiz de Fora,Privada,2º ano,44082,2127,41955,4.83,2839.22,78.5,63.7,Médio,Q3,Q4 (mais alto),Q2
2018,1,2018-S1,2018-06-01,Sudeste,ES,Espírito Santo,32,Vitória,Pública,3º ano,41397,4904,36493,11.85,1757.51,65.5,71.5,Alto,Q1 (mais baixo),Q3,Q3
2018,1,2018-S1,2018-06-01,Sudeste,ES,Espírito Santo,32,Vitória,Privada,3º ano,18743,509,18234,2.72,2821.73,54.55,46.8,Baixo,Q2,Q1 (mais baixo),Q1 (mais baixo)
2018,1,2018-S1,2018-06-01,Sudeste,ES,Espírito Santo,32,Vila Velha,Pública,3º ano,15158,1150,14008,7.59,2477.54,61.15,86.7,Médio,Q2,Q2,Q4 (mais alto)
2018,1,2018-S1,2018-06-01,Sudeste,ES,Espírito Santo,32,Vila Velha,Privada,2º ano,22328,1059,21269,4.74,2069.68,67.75,72.2,Médio,Q1 (mais baixo),Q3,Q3
2018,1,2018-S1,2018-06-01,Sudeste,ES,Espírito Santo,32,Serra,Pública,2º ano,37274,2983,34291,8.0,4235.43,54.48,79.8,Alto,Q4 (mais alto),Q1 (mais baixo),Q3
2018,1,2018-S1,2018-06-01,Sudeste,ES,Espírito Santo,32,Serra,Privada,1º ano,45572,788,44784,1.73,3377.25,63.4,57.3,Baixo,Q4 (mais alto),Q2,Q2
2018,1,2018-S1,2018-06-01,Sul,PR,Paraná,41,Curitiba,Pública,2º ano,1030,111,919,10.78,2746.97,58.39,62.4,Alto,Q2,Q2,Q2
2018,1,2018-S1,2018-06-01,Sul,PR,Paraná,41,Curitiba,Privada,3º ano,40079,620,39459,1.55,2567.38,75.74,62.5,Baixo,Q2,Q4 (mais alto),Q2
2018,1,2018-S1,2018-06-01,Sul,PR,Paraná,41,Londrina,Pública,3º ano,46603,4020,42583,8.63,2735.39,58.37,87.8,Alto,Q2,Q2,Q4 (mais alto)
2018,1,2018-S1,2018-06-01,Sul,PR,Paraná,41,Londrina,Privada,1º ano,7165,124,7041,1.73,3748.66,67.01,46.2,Baixo,Q4 (mais alto),Q3,Q1 (mais baixo)
2018,1,2018-S1,2018-06-01,Sul,SC,Santa Catarina,42,Florianópolis,Pública,3º ano,48345,3386,44959,7.0,1849.17,65.35,91.1,Médio,Q1 (mais baixo),Q3,Q4 (mais alto)
2018,1,2018-S1,2018-06-01,Sul,SC,Santa Catarina,42,Florianópolis,Privada,2º ano,14695,301,14394,2.05,2346.25,91.2,72.3,Baixo,Q1 (mais baixo),Q4 (mais alto),Q3
2018,1,2018-S1,2018-06-01,Sul,SC,Santa Catarina,42,Joinville,Pública,1º ano,7547,638,6909,8.45,913.68,64.98,84.7,Alto,Q1 (mais baixo),Q3,Q4 (mais alto)
2018,1,2018-S1,2018-06-01,Sul,SC,Santa Catarina,42,Joinville,Privada,2º ano,18049,210,17839,1.16,2954.96,65.69,75.9,Baixo,Q3,Q3,Q3
2018,1,2018-S1,2018-06-01,Sul,RS,Rio Grande do Sul,43,Porto Alegre,Pública,1º ano,29485,2232,27253,7.57,3154.15,80.29,71.5,Médio,Q3,Q4 (mais alto),Q3
2018,1,2018-S1,2018-06-01,Sul,RS,Rio Grande do Sul,43,Porto Alegre,Privada,1º ano,49910,1392,48518,2.79,2745.93,70.55,76.3,Baixo,Q2,Q3,Q3
2018,1,2018-S1,2018-06-01,Sul,RS,Rio Grande do Sul,43,Caxias do Sul,Pública,3º ano,44382,4668,39714,10.52,1803.73,54.62,76.1,Alto,Q1 (mais baixo),Q1 (mais baixo),Q3
2018,1,2018-S1,2018-06-01,Sul,RS,Rio Grande do Sul,43,Caxias do Sul,Privada,3º ano,17811,1161,16650,6.52,2770.79,59.94,87.3,Médio,Q2,Q2,Q4 (mais alto)
2018,2,2018-S2,2018-12-01,Norte,AM,Amazonas,13,Manaus,Pública,1º ano,47730,5642,42088,11.82,4567.33,74.63,63.7,Alto,Q4 (mais alto),Q4 (mais alto),Q2
2018,2,2018-S2,2018-12-01,Norte,AM,Amazonas,13,Manaus,Privada,3º ano,36711,1744,34967,4.75,2939.5,73.01,70.6,Médio,Q3,Q4 (mais alto),Q3
2018,2,2018-S2,2018-12-01,Norte,PA,Pará,15,Belém,Pública,2º ano,42802,3885,38917,9.08,2827.34,65.09,65.9,Alto,Q3,Q3,Q2
2018,2,2018-S2,2018-12-01,Norte,PA,Pará,15,Belém,Privada,2º ano,40593,1967,38626,4.85,3479.9,61.09,74.4,Médio,Q4 (mais alto),Q2,Q3
2018,2,2018-S2,2018-12-01,Norte,PA,Pará,15,Santarém,Pública,1º ano,14395,1353,13042,9.4,2946.28,60.64,50.9,Alto,Q3,Q2,Q1 (mais baixo)
2018,2,2018-S2,2018-12-01,Norte,PA,Pará,15,Santarém,Privada,2º ano,20587,950,19637,4.61,2663.16,76.54,51.1,Médio,Q2,Q4 (mais alto),Q1 (mais baixo)
2018,2,2018-S2,2018-12-01,Norte,RO,Rondônia,11,Porto Velho,Pública,1º ano,19736,2074,17662,10.51,2551.11,90.22,80.8,Alto,Q2,Q4 (mais alto),Q3
2018,2,2018-S2,2018-12-01,Norte,RO,Rondônia,11,Porto Velho,Privada,1º ano,9330,574,8756,6.15,4038.09,54.53,92.2,Médio,Q4 (mais alto),Q1 (mais baixo),Q4 (mais alto)
2018,2,2018-S2,2018-12-01,Norte,TO,Tocantins,17,Palmas,Pública,3º ano,3617,273,3344,7.55,2168.24,49.74,82.9,Médio,Q1 (mais baixo),Q1 (mais baixo),Q4 (mais alto)
2018,2,2018-S2,2018-12-01,Norte,TO,Tocantins,17,Palmas,Privada,1º ano,927,10,917,1.08,629.58,54.52,93.7,Baixo,Q1 (mais baixo),Q1 (mais baixo),Q4 (mais alto)
2018,2,2018-S2,2018-12-01,Nordeste,BA,Bahia,29,Salvador,Pública,1º ano,9310,926,8384,9.95,2566.92,63.31,66.7,Alto,Q2,Q2,Q2
2018,2,2018-S2,2018-12-01,Nordeste,BA,Bahia,29,Salvador,Privada,2º ano,4829,264,4565,5.47,3272.3,58.01,61.6,Médio,Q3,Q2,Q2
2018,2,2018-S2,2018-12-01,Nordeste,BA,Bahia,29,Feira de Santana,Pública,2º ano,28502,3032,25470,10.64,3535.38,98.42,89.0,Alto,Q4 (mais alto),Q4 (mais alto),Q4 (mais alto)
2018,2,2018-S2,2018-12-01,Nordeste,BA,Bahia,29,Feira de Santana,Privada,3º ano,42192,2026,40166,4.8,2680.54,64.99,73.1,Médio,Q2,Q3,Q3
2018,2,2018-S2,2018-12-01,Nordeste,PE,Pernambuco,26,Recife,Pública,3º ano,5328,728,4600,13.66,3651.37,78.13,86.6,Crítico,Q4 (mais alto),Q4 (mais alto),Q4 (mais alto)
2018,2,2018-S2,2018-12-01,Nordeste,PE,Pernambuco,26,Recife,Privada,3º ano,12675,148,12527,1.17,1616.01,48.06,67.2,Baixo,Q1 (mais baixo),Q1 (mais baixo),Q2
2018,2,2018-S2,2018-12-01,Nordeste,PE,Pernambuco,26,Jaboatão dos Guararapes,Pública,1º ano,20747,2238,18509,10.79,3955.31,42.72,56.6,Alto,Q4 (mais alto),Q1 (mais baixo),Q1 (mais baixo)
2018,2,2018-S2,2018-12-01,Nordeste,PE,Pernambuco,26,Jaboatão dos Guararapes,Privada,3º ano,4491,127,4364,2.83,3757.54,64.59,69.5,Baixo,Q4 (mais alto),Q3,Q2
2018,2,2018-S2,2018-12-01,Nordeste,CE,Ceará,23,Fortaleza,Pública,1º ano,33071,4541,28530,13.73,1651.24,50.39,88.6,Crítico,Q1 (mais baixo),Q1 (mais baixo),Q4 (mais alto)
2018,2,2018-S2,2018-12-01,Nordeste,CE,Ceará,23,Fortaleza,Privada,3º ano,22740,751,21989,3.3,3244.29,71.61,55.9,Baixo,Q3,Q3,Q1 (mais baixo)
2018,2,2018-S2,2018-12-01,Nordeste,CE,Ceará,23,Juazeiro do Norte,Pública,1º ano,41500,4232,37268,10.2,3351.03,69.17,66.3,Alto,Q4 (mais alto),Q3,Q2
2018,2,2018-S2,2018-12-01,Nordeste,CE,Ceará,23,Juazeiro do Norte,Privada,2º ano,18772,1137,17635,6.06,2092.54,81.23,63.1,Médio,Q1 (mais baixo),Q4 (mais alto),Q2
2018,2,2018-S2,2018-12-01,Nordeste,MA,Maranhão,21,São Luís,Pública,1º ano,18029,2357,15672,13.07,2601.73,52.78,89.9,Crítico,Q2,Q1 (mais baixo),Q4 (mais alto)
2018,2,2018-S2,2018-12-01,Nordeste,MA,Maranhão,21,São Luís,Privada,2º ano,17176,893,16283,5.2,3174.4,86.03,63.6,Médio,Q3,Q4 (mais alto),Q2
2018,2,2018-S2,2018-12-01,Nordeste,PB,Paraíba,25,João Pessoa,Pública,2º ano,29756,2790,26966,9.38,2277.02,47.4,83.3,Alto,Q1 (mais baixo),Q1 (mais baixo),Q4 (mais alto)
2018,2,2018-S2,2018-12-01,Nordeste,PB,Paraíba,25,João Pessoa,Privada,1º ano,37802,947,36855,2.51,3623.39,55.69,55.6,Baixo,Q4 (mais alto),Q1 (mais baixo),Q1 (mais baixo)
2018,2,2018-S2,2018-12-01,Centro-Oeste,DF,Distrito Federal,53,Brasília,Pública,2º ano,18845,2642,16203,14.02,2351.89,82.26,71.6,Crítico,Q1 (mais baixo),Q4 (mais alto),Q3
2018,2,2018-S2,2018-12-01,Centro-Oeste,DF,Distrito Federal,53,Brasília,Privada,1º ano,46702,3496,43206,7.49,2549.65,54.72,79.5,Médio,Q2,Q1 (mais baixo),Q3
2018,2,2018-S2,2018-12-01,Centro-Oeste,GO,Goiás,52,Goiânia,Pública,2º ano,29844,2381,27463,7.98,2019.69,69.2,56.7,Médio,Q1 (mais baixo),Q3,Q1 (mais baixo)
2018,2,2018-S2,2018-12-01,Centro-Oeste,GO,Goiás,52,Goiânia,Privada,1º ano,11648,882,10766,7.57,3211.98,79.7,56.6,Médio,Q3,Q4 (mais alto),Q1 (mais baixo)
2018,2,2018-S2,2018-12-01,Centro-Oeste,GO,Goiás,52,Aparecida de Goiânia,Pública,1º ano,22679,2677,20002,11.8,2762.2,56.12,84.9,Alto,Q2,Q1 (mais baixo),Q4 (mais alto)
2018,2,2018-S2,2018-12-01,Centro-Oeste,GO,Goiás,52,Aparecida de Goiânia,Privada,2º ano,27452,1538,25914,5.6,3182.24,61.25,49.9,Médio,Q3,Q2,Q1 (mais baixo)
2018,2,2018-S2,2018-12-01,Centro-Oeste,MT,Mato Grosso,51,Cuiabá,Pública,3º ano,26043,2338,23705,8.98,2581.84,85.78,69.2,Alto,Q2,Q4 (mais alto),Q2
2018,2,2018-S2,2018-12-01,Centro-Oeste,MT,Mato Grosso,51,Cuiabá,Privada,3º ano,42765,1560,41205,3.65,3129.59,54.22,93.5,Baixo,Q3,Q1 (mais baixo),Q4 (mais alto)
2018,2,2018-S2,2018-12-01,Centro-Oeste,MS,Mato Grosso do Sul,50,Campo Grande,Pública,1º ano,37569,4983,32586,13.26,2720.07,78.45,59.5,Crítico,Q2,Q4 (mais alto),Q2
2018,2,2018-S2,2018-12-01,Centro-Oeste,MS,Mato Grosso do Sul,50,Campo Grande,Privada,2º ano,7023,246,6777,3.5,2202.89,68.6,64.9,Baixo,Q1 (mais baixo),Q3,Q2
2018,2,2018-S2,2018-12-01,Sudeste,SP,São Paulo,35,São Paulo,Pública,2º ano,30857,3682,27175,11.93,2761.17,56.79,69.7,Alto,Q2,Q2,Q2
2018,2,2018-S2,2018-12-01,Sudeste,SP,São Paulo,35,São Paulo,Privada,1º ano,9278,94,9184,1.01,2684.15,46.81,76.4,Baixo,Q2,Q1 (mais baixo),Q3
2018,2,2018-S2,2018-12-01,Sudeste,SP,São Paulo,35,Campinas,Pública,2º ano,49277,6165,43112,12.51,2630.48,64.27,88.5,Alto,Q2,Q2,Q4 (mais alto)
2018,2,2018-S2,2018-12-01,Sudeste,SP,São Paulo,35,Campinas,Privada,2º ano,41995,1478,40517,3.52,2627.78,70.47,56.6,Baixo,Q2,Q3,Q1 (mais baixo)
2018,2,2018-S2,2018-12-01,Sudeste,SP,São Paulo,35,Ribeirão Preto,Pública,2º ano,40461,3195,37266,7.9,2620.59,68.5,53.7,Médio,Q2,Q3,Q1 (mais baixo)
2018,2,2018-S2,2018-12-01,Sudeste,SP,São Paulo,35,Ribeirão Preto,Privada,2º ano,18955,760,18195,4.01,2996.85,57.71,59.7,Médio,Q3,Q2,Q2
2018,2,2018-S2,2018-12-01,Sudeste,RJ,Rio de Janeiro,33,Rio de Janeiro,Pública,2º ano,31267,3405,27862,10.89,962.3,59.65,92.6,Alto,Q1 (mais baixo),Q2,Q4 (mais alto)
2018,2,2018-S2,2018-12-01,Sudeste,RJ,Rio de Janeiro,33,Rio de Janeiro,Privada,1º ano,4599,176,4423,3.83,3352.24,60.72,67.6,Baixo,Q4 (mais alto),Q2,Q2
2018,2,2018-S2,2018-12-01,Sudeste,RJ,Rio de Janeiro,33,Niterói,Pública,3º ano,30189,3857,26332,12.78,3028.39,58.53,86.1,Alto,Q3,Q2,Q4 (mais alto)
2018,2,2018-S2,2018-12-01,Sudeste,RJ,Rio de Janeiro,33,Niterói,Privada,1º ano,27631,1271,26360,4.6,2969.63,77.59,55.7,Médio,Q3,Q4 (mais alto),Q1 (mais baixo)
2018,2,2018-S2,2018-12-01,Sudeste,RJ,Rio de Janeiro,33,Nova Iguaçu,Pública,1º ano,40863,3328,37535,8.14,1915.85,91.44,52.4,Alto,Q1 (mais baixo),Q4 (mais alto),Q1 (mais baixo)
2018,2,2018-S2,2018-12-01,Sudeste,RJ,Rio de Janeiro,33,Nova Iguaçu,Privada,2º ano,11504,372,11132,3.23,3259.35,87.14,45.1,Baixo,Q3,Q4 (mais alto),Q1 (mais baixo)
2018,2,2018-S2,2018-12-01,Sudeste,RJ,Rio de Janeiro,33,Petrópolis,Pública,2º ano,46683,4791,41892,10.26,2233.63,95.66,91.8,Alto,Q1 (mais baixo),Q4 (mais alto),Q4 (mais alto)
2018,2,2018-S2,2018-12-01,Sudeste,RJ,Rio de Janeiro,33,Petrópolis,Privada,2º ano,20602,1168,19434,5.67,3484.74,70.57,48.5,Médio,Q4 (mais alto),Q3,Q1 (mais baixo)
2018,2,2018-S2,2018-12-01,Sudeste,MG,Minas Gerais,31,Belo Horizonte,Pública,1º ano,49933,4598,45335,9.21,2548.76,58.89,55.5,Alto,Q2,Q2,Q1 (mais baixo)
2018,2,2018-S2,2018-12-01,Sudeste,MG,Minas Gerais,31,Belo Horizonte,Privada,1º ano,10302,286,10016,2.78,2730.68,72.24,87.7,Baixo,Q2,Q3,Q4 (mais alto)
2018,2,2018-S2,2018-12-01,Sudeste,MG,Minas Gerais,31,Uberlândia,Pública,3º ano,30061,2847,27214,9.47,2880.16,53.57,90.0,Alto,Q3,Q1 (mais baixo),Q4 (mais alto)
2018,2,2018-S2,2018-12-01,Sudeste,MG,Minas Gerais,31,Uberlândia,Privada,2º ano,34461,2086,32375,6.05,2703.55,65.77,47.8,Médio,Q2,Q3,Q1 (mais baixo)
2018,2,2018-S2,2018-12-01,Sudeste,MG,Minas Gerais,31,Juiz de Fora,Pública,2º ano,15117,1821,13296,12.05,3082.82,69.38,47.1,Alto,Q3,Q3,Q1 (mais baixo)
2018,2,2018-S2,2018-12-01,Sudeste,MG,Minas Gerais,31,Juiz de Fora,Privada,1º ano,20521,827,19694,4.03,3271.46,63.94,94.8,Médio,Q3,Q2,Q4 (mais alto)
2018,2,2018-S2,2018-12-01,Sudeste,ES,Espírito Santo,32,Vitória,Pública,3º ano,30285,3154,27131,10.41,2172.69,69.72,87.5,Alto,Q1 (mais baixo),Q3,Q4 (mais alto)
2018,2,2018-S2,2018-12-01,Sudeste,ES,Espírito Santo,32,Vitória,Privada,1º ano,30926,937,29989,3.03,2502.29,50.04,46.2,Baixo,Q2,Q1 (mais baixo),Q1 (mais baixo)
2018,2,2018-S2,2018-12-01,Sudeste,ES,Espírito Santo,32,Vila Velha,Pública,1º ano,7551,666,6885,8.82,3719.6,69.46,90.8,Alto,Q4 (mais alto),Q3,Q4 (mais alto)
2018,2,2018-S2,2018-12-01,Sudeste,ES,Espírito Santo,32,Vila Velha,Privada,3º ano,31098,2013,29085,6.47,3335.12,61.41,86.4,Médio,Q4 (mais alto),Q2,Q4 (mais alto)
2018,2,2018-S2,2018-12-01,Sudeste,ES,Espírito Santo,32,Serra,Pública,2º ano,2946,161,2785,5.47,2384.45,52.57,65.9,Médio,Q2,Q1 (mais baixo),Q2
2018,2,2018-S2,2018-12-01,Sudeste,ES,Espírito Santo,32,Serra,Privada,2º ano,8673,594,8079,6.85,2939.07,71.91,58.5,Médio,Q3,Q3,Q2
2018,2,2018-S2,2018-12-01,Sul,PR,Paraná,41,Curitiba,Pública,1º ano,29904,3106,26798,10.39,4169.62,75.87,55.0,Alto,Q4 (mais alto),Q4 (mais alto),Q1 (mais baixo)
2018,2,2018-S2,2018-12-01,Sul,PR,Paraná,41,Curitiba,Privada,1º ano,39608,764,38844,1.93,2977.19,67.13,70.4,Baixo,Q3,Q3,Q3
2018,2,2018-S2,2018-12-01,Sul,PR,Paraná,41,Londrina,Pública,2º ano,25344,2840,22504,11.21,2888.89,53.63,55.2,Alto,Q3,Q1 (mais baixo),Q1 (mais baixo)
2018,2,2018-S2,2018-12-01,Sul,PR,Paraná,41,Londrina,Privada,1º ano,27034,1961,25073,7.25,2803.74,55.03,78.2,Médio,Q2,Q1 (mais baixo),Q3
2018,2,2018-S2,2018-12-01,Sul,SC,Santa Catarina,42,Florianópolis,Pública,1º ano,1079,151,928,13.99,2482.22,67.62,54.1,Crítico,Q2,Q3,Q1 (mais baixo)
2018,2,2018-S2,2018-12-01,Sul,SC,Santa Catarina,42,Florianópolis,Privada,1º ano,44237,1422,42815,3.21,2463.0,46.59,72.6,Baixo,Q2,Q1 (mais baixo),Q3
2018,2,2018-S2,2018-12-01,Sul,SC,Santa Catarina,42,Joinville,Pública,2º ano,13892,1973,11919,14.2,2209.67,68.19,91.2,Crítico,Q1 (mais baixo),Q3,Q4 (mais alto)
2018,2,2018-S2,2018-12-01,Sul,SC,Santa Catarina,42,Joinville,Privada,3º ano,49707,2949,46758,5.93,1469.64,76.97,79.4,Médio,Q1 (mais baixo),Q4 (mais alto),Q3
2018,2,2018-S2,2018-12-01,Sul,RS,Rio Grande do Sul,43,Porto Alegre,Pública,2º ano,7756,591,7165,7.62,2949.31,61.06,55.0,Médio,Q3,Q2,Q1 (mais baixo)
2018,2,2018-S2,2018-12-01,Sul,RS,Rio Grande do Sul,43,Porto Alegre,Privada,3º ano,46838,2393,44445,5.11,3274.85,85.05,92.3,Médio,Q3,Q4 (mais alto),Q4 (mais alto)
2018,2,2018-S2,2018-12-01,Sul,RS,Rio Grande do Sul,43,Caxias do Sul,Pública,1º ano,22351,1527,20824,6.83,2066.98,71.91,73.2,Médio,Q1 (mais baixo),Q3,Q3
2018,2,2018-S2,2018-12-01,Sul,RS,Rio Grande do Sul,43,Caxias do Sul,Privada,1º ano,42708,747,41961,1.75,1466.73,41.76,45.1,Baixo,Q1 (mais baixo),Q1 (mais baixo),Q1 (mais baixo)
2019,1,2019-S1,2019-06-01,Norte,AM,Amazonas,13,Manaus,Pública,3º ano,7581,796,6785,10.5,3860.54,72.49,60.2,Alto,Q4 (mais alto),Q3,Q2
2019,1,2019-S1,2019-06-01,Norte,AM,Amazonas,13,Manaus,Privada,1º ano,799,23,776,2.88,2962.62,39.92,84.6,Baixo,Q3,Q1 (mais baixo),Q4 (mais alto)
2019,1,2019-S1,2019-06-01,Norte,PA,Pará,15,Belém,Pública,1º ano,19692,2063,17629,10.48,2917.93,53.46,54.1,Alto,Q3,Q1 (mais baixo),Q1 (mais baixo)
2019,1,2019-S1,2019-06-01,Norte,PA,Pará,15,Belém,Privada,2º ano,43760,1626,42134,3.72,3226.39,45.99,79.3,Baixo,Q3,Q1 (mais baixo),Q3
2019,1,2019-S1,2019-06-01,Norte,PA,Pará,15,Santarém,Pública,2º ano,32448,3622,28826,11.16,3073.08,61.39,62.4,Alto,Q3,Q2,Q2
2019,1,2019-S1,2019-06-01,Norte,PA,Pará,15,Santarém,Privada,1º ano,3202,188,3014,5.87,4041.73,58.67,77.1,Médio,Q4 (mais alto),Q2,Q3
2019,1,2019-S1,2019-06-01,Norte,RO,Rondônia,11,Porto Velho,Pública,1º ano,22865,1995,20870,8.73,2486.13,65.12,71.4,Alto,Q2,Q3,Q3
2019,1,2019-S1,2019-06-01,Norte,RO,Rondônia,11,Porto Velho,Privada,1º ano,38622,910,37712,2.36,2014.72,64.08,79.4,Baixo,Q1 (mais baixo),Q2,Q3
2019,1,2019-S1,2019-06-01,Norte,TO,Tocantins,17,Palmas,Pública,1º ano,3067,434,2633,14.15,3737.53,53.57,58.7,Crítico,Q4 (mais alto),Q1 (mais baixo),Q2
2019,1,2019-S1,2019-06-01,Norte,TO,Tocantins,17,Palmas,Privada,2º ano,6699,348,6351,5.19,3187.16,68.17,62.3,Médio,Q3,Q3,Q2
2019,1,2019-S1,2019-06-01,Nordeste,BA,Bahia,29,Salvador,Pública,1º ano,32799,2802,29997,8.54,3283.13,58.87,66.6,Alto,Q4 (mais alto),Q2,Q2
2019,1,2019-S1,2019-06-01,Nordeste,BA,Bahia,29,Salvador,Privada,3º ano,18325,429,17896,2.34,2966.08,49.21,54.0,Baixo,Q3,Q1 (mais baixo),Q1 (mais baixo)
2019,1,2019-S1,2019-06-01,Nordeste,BA,Bahia,29,Feira de Santana,Pública,2º ano,20112,2076,18036,10.32,3456.76,87.86,54.5,Alto,Q4 (mais alto),Q4 (mais alto),Q1 (mais baixo)
2019,1,2019-S1,2019-06-01,Nordeste,BA,Bahia,29,Feira de Santana,Privada,3º ano,17443,1199,16244,6.87,3216.24,73.1,91.7,Médio,Q3,Q4 (mais alto),Q4 (mais alto)
2019,1,2019-S1,2019-06-01,Nordeste,PE,Pernambuco,26,Recife,Pública,3º ano,37988,3997,33991,10.52,2831.65,67.28,52.5,Alto,Q3,Q3,Q1 (mais baixo)
2019,1,2019-S1,2019-06-01,Nordeste,PE,Pernambuco,26,Recife,Privada,2º ano,15264,726,14538,4.76,2406.66,53.03,49.7,Médio,Q2,Q1 (mais baixo),Q1 (mais baixo)
2019,1,2019-S1,2019-06-01,Nordeste,PE,Pernambuco,26,Jaboatão dos Guararapes,Pública,1º ano,40636,4078,36558,10.04,2518.0,66.9,66.7,Alto,Q2,Q3,Q2
2019,1,2019-S1,2019-06-01,Nordeste,PE,Pernambuco,26,Jaboatão dos Guararapes,Privada,3º ano,9343,355,8988,3.8,3406.1,86.2,92.2,Baixo,Q4 (mais alto),Q4 (mais alto),Q4 (mais alto)
2019,1,2019-S1,2019-06-01,Nordeste,CE,Ceará,23,Fortaleza,Pública,1º ano,3190,307,2883,9.62,2196.34,63.22,72.1,Alto,Q1 (mais baixo),Q2,Q3
2019,1,2019-S1,2019-06-01,Nordeste,CE,Ceará,23,Fortaleza,Privada,3º ano,12945,270,12675,2.09,3587.09,69.33,67.2,Baixo,Q4 (mais alto),Q3,Q2
2019,1,2019-S1,2019-06-01,Nordeste,CE,Ceará,23,Juazeiro do Norte,Pública,1º ano,8705,810,7895,9.3,2977.94,55.54,49.0,Alto,Q3,Q1 (mais baixo),Q1 (mais baixo)
2019,1,2019-S1,2019-06-01,Nordeste,CE,Ceará,23,Juazeiro do Norte,Privada,2º ano,1362,6,1356,0.44,2896.15,68.78,79.1,Baixo,Q3,Q3,Q3
2019,1,2019-S1,2019-06-01,Nordeste,MA,Maranhão,21,São Luís,Pública,2º ano,18255,2059,16196,11.28,3363.74,68.89,85.1,Alto,Q4 (mais alto),Q3,Q4 (mais alto)
2019,1,2019-S1,2019-06-01,Nordeste,MA,Maranhão,21,São Luís,Privada,2º ano,29194,994,28200,3.4,2713.48,88.07,88.8,Baixo,Q2,Q4 (mais alto),Q4 (mais alto)
2019,1,2019-S1,2019-06-01,Nordeste,PB,Paraíba,25,João Pessoa,Pública,1º ano,32528,3774,28754,11.6,2325.0,59.72,68.0,Alto,Q1 (mais baixo),Q2,Q2
2019,1,2019-S1,2019-06-01,Nordeste,PB,Paraíba,25,João Pessoa,Privada,3º ano,28351,1644,26707,5.8,3170.98,62.7,94.3,Médio,Q3,Q2,Q4 (mais alto)
2019,1,2019-S1,2019-06-01,Centro-Oeste,DF,Distrito Federal,53,Brasília,Pública,2º ano,9985,1039,8946,10.41,3819.32,66.89,51.8,Alto,Q4 (mais alto),Q3,Q1 (mais baixo)
2019,1,2019-S1,2019-06-01,Centro-Oeste,DF,Distrito Federal,53,Brasília,Privada,2º ano,42996,1008,41988,2.34,3667.58,61.28,72.3,Baixo,Q4 (mais alto),Q2,Q3
2019,1,2019-S1,2019-06-01,Centro-Oeste,GO,Goiás,52,Goiânia,Pública,2º ano,12028,780,11248,6.48,3408.97,63.51,76.0,Médio,Q4 (mais alto),Q2,Q3
2019,1,2019-S1,2019-06-01,Centro-Oeste,GO,Goiás,52,Goiânia,Privada,1º ano,44719,2031,42688,4.54,3307.55,43.24,49.5,Médio,Q4 (mais alto),Q1 (mais baixo),Q1 (mais baixo)
2019,1,2019-S1,2019-06-01,Centro-Oeste,GO,Goiás,52,Aparecida de Goiânia,Pública,3º ano,49797,3310,46487,6.65,2931.61,63.94,64.1,Médio,Q3,Q2,Q2
2019,1,2019-S1,2019-06-01,Centro-Oeste,GO,Goiás,52,Aparecida de Goiânia,Privada,1º ano,31335,2005,29330,6.4,2902.96,57.92,71.6,Médio,Q3,Q2,Q3
2019,1,2019-S1,2019-06-01,Centro-Oeste,MT,Mato Grosso,51,Cuiabá,Pública,1º ano,7313,746,6567,10.2,2756.21,87.25,55.0,Alto,Q2,Q4 (mais alto),Q1 (mais baixo)
2019,1,2019-S1,2019-06-01,Centro-Oeste,MT,Mato Grosso,51,Cuiabá,Privada,2º ano,26450,1185,25265,4.48,3276.81,39.68,91.2,Médio,Q4 (mais alto),Q1 (mais baixo),Q4 (mais alto)
2019,1,2019-S1,2019-06-01,Centro-Oeste,MS,Mato Grosso do Sul,50,Campo Grande,Pública,1º ano,2611,352,2259,13.48,2684.53,51.32,76.9,Crítico,Q2,Q1 (mais baixo),Q3
2019,1,2019-S1,2019-06-01,Centro-Oeste,MS,Mato Grosso do Sul,50,Campo Grande,Privada,2º ano,6944,287,6657,4.13,3390.47,66.04,87.2,Médio,Q4 (mais alto),Q3,Q4 (mais alto)
2019,1,2019-S1,2019-06-01,Sudeste,SP,São Paulo,35,São Paulo,Pública,2º ano,14129,1858,12271,13.15,3553.16,56.52,91.4,Crítico,Q4 (mais alto),Q1 (mais baixo),Q4 (mais alto)
2019,1,2019-S1,2019-06-01,Sudeste,SP,São Paulo,35,São Paulo,Privada,2º ano,10897,544,10353,4.99,3422.88,81.36,84.6,Médio,Q4 (mais alto),Q4 (mais alto),Q4 (mais alto)
2019,1,2019-S1,2019-06-01,Sudeste,SP,São Paulo,35,Campinas,Pública,1º ano,26410,2888,23522,10.94,3105.76,60.43,82.3,Alto,Q3,Q2,Q4 (mais alto)
2019,1,2019-S1,2019-06-01,Sudeste,SP,São Paulo,35,Campinas,Privada,1º ano,33982,1550,32432,4.56,3184.89,68.82,60.7,Médio,Q3,Q3,Q2
2019,1,2019-S1,2019-06-01,Sudeste,SP,São Paulo,35,Ribeirão Preto,Pública,1º ano,28415,3746,24669,13.18,2804.33,63.65,59.4,Crítico,Q2,Q2,Q2
2019,1,2019-S1,2019-06-01,Sudeste,SP,São Paulo,35,Ribeirão Preto,Privada,1º ano,12476,631,11845,5.06,3620.43,74.62,55.4,Médio,Q4 (mais alto),Q4 (mais alto),Q1 (mais baixo)
2019,1,2019-S1,2019-06-01,Sudeste,RJ,Rio de Janeiro,33,Rio de Janeiro,Pública,3º ano,46328,5890,40438,12.71,1911.69,64.16,73.5,Alto,Q1 (mais baixo),Q2,Q3
2019,1,2019-S1,2019-06-01,Sudeste,RJ,Rio de Janeiro,33,Rio de Janeiro,Privada,3º ano,48213,1049,47164,2.18,2591.95,65.6,74.6,Baixo,Q2,Q3,Q3
2019,1,2019-S1,2019-06-01,Sudeste,RJ,Rio de Janeiro,33,Niterói,Pública,3º ano,35836,4204,31632,11.73,3500.62,80.43,52.6,Alto,Q4 (mais alto),Q4 (mais alto),Q1 (mais baixo)
2019,1,2019-S1,2019-06-01,Sudeste,RJ,Rio de Janeiro,33,Niterói,Privada,3º ano,8477,365,8112,4.31,3938.3,77.1,67.0,Médio,Q4 (mais alto),Q4 (mais alto),Q2
2019,1,2019-S1,2019-06-01,Sudeste,RJ,Rio de Janeiro,33,Nova Iguaçu,Pública,2º ano,45441,5901,39540,12.99,1425.94,69.79,94.4,Alto,Q1 (mais baixo),Q3,Q4 (mais alto)
2019,1,2019-S1,2019-06-01,Sudeste,RJ,Rio de Janeiro,33,Nova Iguaçu,Privada,3º ano,2489,64,2425,2.57,2474.94,64.26,57.5,Baixo,Q2,Q2,Q2
2019,1,2019-S1,2019-06-01,Sudeste,RJ,Rio de Janeiro,33,Petrópolis,Pública,2º ano,9770,1084,8686,11.1,1846.23,77.55,70.2,Alto,Q1 (mais baixo),Q4 (mais alto),Q3
2019,1,2019-S1,2019-06-01,Sudeste,RJ,Rio de Janeiro,33,Petrópolis,Privada,3º ano,43503,1083,42420,2.49,3197.12,66.29,74.7,Baixo,Q3,Q3,Q3
2019,1,2019-S1,2019-06-01,Sudeste,MG,Minas Gerais,31,Belo Horizonte,Pública,1º ano,9795,1294,8501,13.21,2831.43,34.05,86.0,Crítico,Q3,Q1 (mais baixo),Q4 (mais alto)
2019,1,2019-S1,2019-06-01,Sudeste,MG,Minas Gerais,31,Belo Horizonte,Privada,3º ano,19383,621,18762,3.2,2751.11,46.39,59.3,Baixo,Q2,Q1 (mais baixo),Q2
2019,1,2019-S1,2019-06-01,Sudeste,MG,Minas Gerais,31,Uberlândia,Pública,2º ano,33019,3546,29473,10.74,3278.47,62.03,55.3,Alto,Q4 (mais alto),Q2,Q1 (mais baixo)
2019,1,2019-S1,2019-06-01,Sudeste,MG,Minas Gerais,31,Uberlândia,Privada,2º ano,30141,1533,28608,5.09,3322.72,76.43,70.1,Médio,Q4 (mais alto),Q4 (mais alto),Q3
2019,1,2019-S1,2019-06-01,Sudeste,MG,Minas Gerais,31,Juiz de Fora,Pública,3º ano,35782,3445,32337,9.63,3864.77,69.69,69.5,Alto,Q4 (mais alto),Q3,Q2
2019,1,2019-S1,2019-06-01,Sudeste,MG,Minas Gerais,31,Juiz de Fora,Privada,1º ano,19191,478,18713,2.49,4364.64,58.47,88.9,Baixo,Q4 (mais alto),Q2,Q4 (mais alto)
2019,1,2019-S1,2019-06-01,Sudeste,ES,Espírito Santo,32,Vitória,Pública,3º ano,25920,2733,23187,10.54,3841.69,54.02,67.5,Alto,Q4 (mais alto),Q1 (mais baixo),Q2
2019,1,2019-S1,2019-06-01,Sudeste,ES,Espírito Santo,32,Vitória,Privada,2º ano,40422,684,39738,1.69,3774.03,43.7,61.8,Baixo,Q4 (mais alto),Q1 (mais baixo),Q2
2019,1,2019-S1,2019-06-01,Sudeste,ES,Espírito Santo,32,Vila Velha,Pública,3º ano,39472,5207,34265,13.19,2619.11,56.65,73.9,Crítico,Q2,Q2,Q3
2019,1,2019-S1,2019-06-01,Sudeste,ES,Espírito Santo,32,Vila Velha,Privada,2º ano,41957,2179,39778,5.19,3887.68,57.04,61.3,Médio,Q4 (mais alto),Q2,Q2
2019,1,2019-S1,2019-06-01,Sudeste,ES,Espírito Santo,32,Serra,Pública,3º ano,20139,2218,17921,11.01,2741.73,65.98,68.7,Alto,Q2,Q3,Q2
2019,1,2019-S1,2019-06-01,Sudeste,ES,Espírito Santo,32,Serra,Privada,1º ano,28632,1486,27146,5.19,3397.41,66.14,57.5,Médio,Q4 (mais alto),Q3,Q2
2019,1,2019-S1,2019-06-01,Sul,PR,Paraná,41,Curitiba,Pública,1º ano,33652,3814,29838,11.33,2306.96,84.89,82.3,Alto,Q1 (mais baixo),Q4 (mais alto),Q4 (mais alto)
2019,1,2019-S1,2019-06-01,Sul,PR,Paraná,41,Curitiba,Privada,1º ano,25794,769,25025,2.98,2371.77,85.08,74.6,Baixo,Q2,Q4 (mais alto),Q3
2019,1,2019-S1,2019-06-01,Sul,PR,Paraná,41,Londrina,Pública,2º ano,11018,1459,9559,13.24,3036.8,61.93,56.8,Crítico,Q3,Q2,Q1 (mais baixo)
2019,1,2019-S1,2019-06-01,Sul,PR,Paraná,41,Londrina,Privada,3º ano,6223,385,5838,6.19,2387.57,68.11,84.9,Médio,Q2,Q3,Q4 (mais alto)
2019,1,2019-S1,2019-06-01,Sul,SC,Santa Catarina,42,Florianópolis,Pública,2º ano,45053,5365,39688,11.91,3421.25,56.11,94.7,Alto,Q4 (mais alto),Q1 (mais baixo),Q4 (mais alto)
2019,1,2019-S1,2019-06-01,Sul,SC,Santa Catarina,42,Florianópolis,Privada,2º ano,37854,1641,36213,4.34,2579.07,72.46,90.3,Médio,Q2,Q3,Q4 (mais alto)
2019,1,2019-S1,2019-06-01,Sul,SC,Santa Catarina,42,Joinville,Pública,1º ano,38849,4301,34548,11.07,1998.74,71.43,66.0,Alto,Q1 (mais baixo),Q3,Q2
2019,1,2019-S1,2019-06-01,Sul,SC,Santa Catarina,42,Joinville,Privada,2º ano,22328,741,21587,3.32,1036.13,72.5,50.3,Baixo,Q1 (mais baixo),Q4 (mais alto),Q1 (mais baixo)
2019,1,2019-S1,2019-06-01,Sul,RS,Rio Grande do Sul,43,Porto Alegre,Pública,2º ano,45859,4779,41080,10.42,3402.14,66.31,59.5,Alto,Q4 (mais alto),Q3,Q2
2019,1,2019-S1,2019-06-01,Sul,RS,Rio Grande do Sul,43,Porto Alegre,Privada,1º ano,28019,207,27812,0.74,2892.57,79.09,72.6,Baixo,Q3,Q4 (mais alto),Q3
2019,1,2019-S1,2019-06-01,Sul,RS,Rio Grande do Sul,43,Caxias do Sul,Pública,3º ano,7044,718,6326,10.19,2229.82,71.13,75.6,Alto,Q1 (mais baixo),Q3,Q3
2019,1,2019-S1,2019-06-01,Sul,RS,Rio Grande do Sul,43,Caxias do Sul,Privada,2º ano,8514,79,8435,0.93,3314.2,80.54,60.8,Baixo,Q4 (mais alto),Q4 (mais alto),Q2
2019,2,2019-S2,2019-12-01,Norte,AM,Amazonas,13,Manaus,Pública,3º ano,10817,1435,9382,13.27,2435.61,52.36,85.1,Crítico,Q2,Q1 (mais baixo),Q4 (mais alto)
2019,2,2019-S2,2019-12-01,Norte,AM,Amazonas,13,Manaus,Privada,3º ano,31513,1279,30234,4.06,2448.73,74.59,83.2,Médio,Q2,Q4 (mais alto),Q4 (mais alto)
2019,2,2019-S2,2019-12-01,Norte,PA,Pará,15,Belém,Pública,3º ano,11589,878,10711,7.58,3064.59,52.22,72.7,Médio,Q3,Q1 (mais baixo),Q3
2019,2,2019-S2,2019-12-01,Norte,PA,Pará,15,Belém,Privada,1º ano,32355,1242,31113,3.84,3009.83,39.38,61.3,Baixo,Q3,Q1 (mais baixo),Q2
2019,2,2019-S2,2019-12-01,Norte,PA,Pará,15,Santarém,Pública,1º ano,42434,4724,37710,11.13,3135.79,67.43,68.8,Alto,Q3,Q3,Q2
2019,2,2019-S2,2019-12-01,Norte,PA,Pará,15,Santarém,Privada,3º ano,45835,1356,44479,2.96,3786.73,62.7,70.5,Baixo,Q4 (mais alto),Q2,Q3
2019,2,2019-S2,2019-12-01,Norte,RO,Rondônia,11,Porto Velho,Pública,3º ano,16493,1698,14795,10.3,2139.63,65.7,89.3,Alto,Q1 (mais baixo),Q3,Q4 (mais alto)
2019,2,2019-S2,2019-12-01,Norte,RO,Rondônia,11,Porto Velho,Privada,3º ano,45525,1117,44408,2.45,3866.44,72.62,47.3,Baixo,Q4 (mais alto),Q4 (mais alto),Q1 (mais baixo)
2019,2,2019-S2,2019-12-01,Norte,TO,Tocantins,17,Palmas,Pública,1º ano,38676,3774,34902,9.76,2785.23,60.05,63.6,Alto,Q2,Q2,Q2
2019,2,2019-S2,2019-12-01,Norte,TO,Tocantins,17,Palmas,Privada,3º ano,42149,2166,39983,5.14,2040.55,73.96,57.0,Médio,Q1 (mais baixo),Q4 (mais alto),Q2
2019,2,2019-S2,2019-12-01,Nordeste,BA,Bahia,29,Salvador,Pública,1º ano,32384,3372,29012,10.41,2593.48,82.9,81.4,Alto,Q2,Q4 (mais alto),Q3
2019,2,2019-S2,2019-12-01,Nordeste,BA,Bahia,29,Salvador,Privada,2º ano,38097,1443,36654,3.79,1847.21,87.49,60.0,Baixo,Q1 (mais baixo),Q4 (mais alto),Q2
2019,2,2019-S2,2019-12-01,Nordeste,BA,Bahia,29,Feira de Santana,Pública,2º ano,18833,794,18039,4.22,2602.0,67.58,80.1,Médio,Q2,Q3,Q3
2019,2,2019-S2,2019-12-01,Nordeste,BA,Bahia,29,Feira de Santana,Privada,3º ano,36303,1732,34571,4.77,4234.66,58.47,75.6,Médio,Q4 (mais alto),Q2,Q3
2019,2,2019-S2,2019-12-01,Nordeste,PE,Pernambuco,26,Recife,Pública,2º ano,22633,1672,20961,7.39,3863.88,59.0,93.2,Médio,Q4 (mais alto),Q2,Q4 (mais alto)
2019,2,2019-S2,2019-12-01,Nordeste,PE,Pernambuco,26,Recife,Privada,1º ano,10542,396,10146,3.76,2777.98,70.4,62.6,Baixo,Q2,Q3,Q2
2019,2,2019-S2,2019-12-01,Nordeste,PE,Pernambuco,26,Jaboatão dos Guararapes,Pública,2º ano,24518,2379,22139,9.7,2639.3,68.47,51.9,Alto,Q2,Q3,Q1 (mais baixo)
2019,2,2019-S2,2019-12-01,Nordeste,PE,Pernambuco,26,Jaboatão dos Guararapes,Privada,1º ano,39012,1894,37118,4.85,3429.4,60.76,71.4,Médio,Q4 (mais alto),Q2,Q3
2019,2,2019-S2,2019-12-01,Nordeste,CE,Ceará,23,Fortaleza,Pública,1º ano,28776,3785,24991,13.15,2525.35,57.72,73.4,Crítico,Q2,Q2,Q3
2019,2,2019-S2,2019-12-01,Nordeste,CE,Ceará,23,Fortaleza,Privada,2º ano,8597,441,8156,5.13,2623.05,67.43,87.1,Médio,Q2,Q3,Q4 (mais alto)
2019,2,2019-S2,2019-12-01,Nordeste,CE,Ceará,23,Juazeiro do Norte,Pública,2º ano,21604,2608,18996,12.07,2293.9,48.44,54.1,Alto,Q1 (mais baixo),Q1 (mais baixo),Q1 (mais baixo)
2019,2,2019-S2,2019-12-01,Nordeste,CE,Ceará,23,Juazeiro do Norte,Privada,1º ano,9373,479,8894,5.11,1652.92,63.52,71.0,Médio,Q1 (mais baixo),Q2,Q3
2019,2,2019-S2,2019-12-01,Nordeste,MA,Maranhão,21,São Luís,Pública,1º ano,4347,352,3995,8.1,3068.09,62.24,68.4,Alto,Q3,Q2,Q2
2019,2,2019-S2,2019-12-01,Nordeste,MA,Maranhão,21,São Luís,Privada,2º ano,45744,2855,42889,6.24,1924.72,66.5,48.0,Médio,Q1 (mais baixo),Q3,Q1 (mais baixo)
2019,2,2019-S2,2019-12-01,Nordeste,PB,Paraíba,25,João Pessoa,Pública,2º ano,27936,3741,24195,13.39,2645.74,49.29,60.1,Crítico,Q2,Q1 (mais baixo),Q2
2019,2,2019-S2,2019-12-01,Nordeste,PB,Paraíba,25,João Pessoa,Privada,1º ano,36546,542,36004,1.48,3313.65,84.11,45.8,Baixo,Q4 (mais alto),Q4 (mais alto),Q1 (mais baixo)
2019,2,2019-S2,2019-12-01,Centro-Oeste,DF,Distrito Federal,53,Brasília,Pública,1º ano,16159,1373,14786,8.5,3124.91,66.68,54.3,Alto,Q3,Q3,Q1 (mais baixo)
2019,2,2019-S2,2019-12-01,Centro-Oeste,DF,Distrito Federal,53,Brasília,Privada,2º ano,25942,617,25325,2.38,2255.23,62.09,58.0,Baixo,Q1 (mais baixo),Q2,Q2
2019,2,2019-S2,2019-12-01,Centro-Oeste,GO,Goiás,52,Goiânia,Pública,3º ano,10507,1099,9408,10.46,2621.91,61.89,62.8,Alto,Q2,Q2,Q2
2019,2,2019-S2,2019-12-01,Centro-Oeste,GO,Goiás,52,Goiânia,Privada,3º ano,32126,777,31349,2.42,3711.11,67.4,82.9,Baixo,Q4 (mais alto),Q3,Q4 (mais alto)
2019,2,2019-S2,2019-12-01,Centro-Oeste,GO,Goiás,52,Aparecida de Goiânia,Pública,2º ano,31816,3151,28665,9.9,3506.6,46.08,54.9,Alto,Q4 (mais alto),Q1 (mais baixo),Q1 (mais baixo)
2019,2,2019-S2,2019-12-01,Centro-Oeste,GO,Goiás,52,Aparecida de Goiânia,Privada,2º ano,33253,622,32631,1.87,3374.04,57.05,86.1,Baixo,Q4 (mais alto),Q2,Q4 (mais alto)
2019,2,2019-S2,2019-12-01,Centro-Oeste,MT,Mato Grosso,51,Cuiabá,Pública,1º ano,21202,1987,19215,9.37,2540.36,60.77,94.7,Alto,Q2,Q2,Q4 (mais alto)
2019,2,2019-S2,2019-12-01,Centro-Oeste,MT,Mato Grosso,51,Cuiabá,Privada,3º ano,14848,584,14264,3.93,3566.97,47.95,89.7,Baixo,Q4 (mais alto),Q1 (mais baixo),Q4 (mais alto)
2019,2,2019-S2,2019-12-01,Centro-Oeste,MS,Mato Grosso do Sul,50,Campo Grande,Pública,1º ano,38536,3270,35266,8.49,2111.94,83.18,47.8,Alto,Q1 (mais baixo),Q4 (mais alto),Q1 (mais baixo)
2019,2,2019-S2,2019-12-01,Centro-Oeste,MS,Mato Grosso do Sul,50,Campo Grande,Privada,2º ano,29107,1690,27417,5.81,2322.74,61.02,63.8,Médio,Q1 (mais baixo),Q2,Q2
2019,2,2019-S2,2019-12-01,Sudeste,SP,São Paulo,35,São Paulo,Pública,3º ano,19626,1602,18024,8.16,3026.44,55.95,70.7,Alto,Q3,Q1 (mais baixo),Q3
2019,2,2019-S2,2019-12-01,Sudeste,SP,São Paulo,35,São Paulo,Privada,1º ano,44088,220,43868,0.5,2511.27,58.46,59.1,Baixo,Q2,Q2,Q2
2019,2,2019-S2,2019-12-01,Sudeste,SP,São Paulo,35,Campinas,Pública,3º ano,31939,2741,29198,8.58,2115.65,83.45,86.3,Alto,Q1 (mais baixo),Q4 (mais alto),Q4 (mais alto)
2019,2,2019-S2,2019-12-01,Sudeste,SP,São Paulo,35,Campinas,Privada,1º ano,3895,25,3870,0.64,2376.36,58.49,67.5,Baixo,Q2,Q2,Q2
2019,2,2019-S2,2019-12-01,Sudeste,SP,São Paulo,35,Ribeirão Preto,Pública,2º ano,30350,3505,26845,11.55,2239.5,71.99,45.4,Alto,Q1 (mais baixo),Q3,Q1 (mais baixo)
2019,2,2019-S2,2019-12-01,Sudeste,SP,São Paulo,35,Ribeirão Preto,Privada,1º ano,13657,357,13300,2.61,2661.33,63.46,92.0,Baixo,Q2,Q2,Q4 (mais alto)
2019,2,2019-S2,2019-12-01,Sudeste,RJ,Rio de Janeiro,33,Rio de Janeiro,Pública,3º ano,5557,636,4921,11.45,1684.35,77.19,72.9,Alto,Q1 (mais baixo),Q4 (mais alto),Q3
2019,2,2019-S2,2019-12-01,Sudeste,RJ,Rio de Janeiro,33,Rio de Janeiro,Privada,2º ano,34078,2054,32024,6.03,2895.3,67.64,87.8,Médio,Q3,Q3,Q4 (mais alto)
2019,2,2019-S2,2019-12-01,Sudeste,RJ,Rio de Janeiro,33,Niterói,Pública,3º ano,26231,2298,23933,8.76,2228.63,54.2,48.1,Alto,Q1 (mais baixo),Q1 (mais baixo),Q1 (mais baixo)
2019,2,2019-S2,2019-12-01,Sudeste,RJ,Rio de Janeiro,33,Niterói,Privada,2º ano,4955,133,4822,2.68,3423.0,79.94,72.3,Baixo,Q4 (mais alto),Q4 (mais alto),Q3
2019,2,2019-S2,2019-12-01,Sudeste,RJ,Rio de Janeiro,33,Nova Iguaçu,Pública,2º ano,49558,4865,44693,9.82,2721.31,60.33,62.0,Alto,Q2,Q2,Q2
2019,2,2019-S2,2019-12-01,Sudeste,RJ,Rio de Janeiro,33,Nova Iguaçu,Privada,3º ano,29630,1200,28430,4.05,2427.34,69.42,94.7,Médio,Q2,Q3,Q4 (mais alto)
2019,2,2019-S2,2019-12-01,Sudeste,RJ,Rio de Janeiro,33,Petrópolis,Pública,1º ano,3023,326,2697,10.78,2193.34,65.2,73.4,Alto,Q1 (mais baixo),Q3,Q3
2019,2,2019-S2,2019-12-01,Sudeste,RJ,Rio de Janeiro,33,Petrópolis,Privada,3º ano,43712,1535,42177,3.51,2506.86,57.28,80.4,Baixo,Q2,Q2,Q3
2019,2,2019-S2,2019-12-01,Sudeste,MG,Minas Gerais,31,Belo Horizonte,Pública,2º ano,15854,2114,13740,13.33,2585.36,78.73,78.3,Crítico,Q2,Q4 (mais alto),Q3
2019,2,2019-S2,2019-12-01,Sudeste,MG,Minas Gerais,31,Belo Horizonte,Privada,3º ano,5038,274,4764,5.44,1819.49,70.32,83.2,Médio,Q1 (mais baixo),Q3,Q4 (mais alto)
2019,2,2019-S2,2019-12-01,Sudeste,MG,Minas Gerais,31,Uberlândia,Pública,3º ano,27898,3032,24866,10.87,2238.05,45.76,80.0,Alto,Q1 (mais baixo),Q1 (mais baixo),Q3
2019,2,2019-S2,2019-12-01,Sudeste,MG,Minas Gerais,31,Uberlândia,Privada,1º ano,45631,562,45069,1.23,3133.08,47.59,78.3,Baixo,Q3,Q1 (mais baixo),Q3
2019,2,2019-S2,2019-12-01,Sudeste,MG,Minas Gerais,31,Juiz de Fora,Pública,2º ano,20529,2128,18401,10.37,2888.13,52.71,80.9,Alto,Q3,Q1 (mais baixo),Q3
2019,2,2019-S2,2019-12-01,Sudeste,MG,Minas Gerais,31,Juiz de Fora,Privada,3º ano,7367,336,7031,4.56,3535.72,52.88,80.3,Médio,Q4 (mais alto),Q1 (mais baixo),Q3
2019,2,2019-S2,2019-12-01,Sudeste,ES,Espírito Santo,32,Vitória,Pública,3º ano,24206,1621,22585,6.7,2687.38,73.79,91.6,Médio,Q2,Q4 (mais alto),Q4 (mais alto)
2019,2,2019-S2,2019-12-01,Sudeste,ES,Espírito Santo,32,Vitória,Privada,2º ano,46052,2419,43633,5.25,3123.59,61.73,65.6,Médio,Q3,Q2,Q2
2019,2,2019-S2,2019-12-01,Sudeste,ES,Espírito Santo,32,Vila Velha,Pública,2º ano,27235,2831,24404,10.39,3619.33,62.36,84.4,Alto,Q4 (mais alto),Q2,Q4 (mais alto)
2019,2,2019-S2,2019-12-01,Sudeste,ES,Espírito Santo,32,Vila Velha,Privada,1º ano,22641,1679,20962,7.42,3548.87,90.46,47.6,Médio,Q4 (mais alto),Q4 (mais alto),Q1 (mais baixo)
2019,2,2019-S2,2019-12-01,Sudeste,ES,Espírito Santo,32,Serra,Pública,1º ano,6559,593,5966,9.04,2264.17,45.83,88.6,Alto,Q1 (mais baixo),Q1 (mais baixo),Q4 (mais alto)
2019,2,2019-S2,2019-12-01,Sudeste,ES,Espírito Santo,32,Serra,Privada,2º ano,37525,2231,35294,5.95,2272.79,67.74,66.8,Médio,Q1 (mais baixo),Q3,Q2
2019,2,2019-S2,2019-12-01,Sul,PR,Paraná,41,Curitiba,Pública,1º ano,1135,107,1028,9.43,2303.53,45.08,54.2,Alto,Q1 (mais baixo),Q1 (mais baixo),Q1 (mais baixo)
2019,2,2019-S2,2019-12-01,Sul,PR,Paraná,41,Curitiba,Privada,2º ano,18057,1298,16759,7.19,3426.97,65.83,87.6,Médio,Q4 (mais alto),Q3,Q4 (mais alto)
2019,2,2019-S2,2019-12-01,Sul,PR,Paraná,41,Londrina,Pública,2º ano,9483,840,8643,8.86,1903.89,53.3,61.1,Alto,Q1 (mais baixo),Q1 (mais baixo),Q2
2019,2,2019-S2,2019-12-01,Sul,PR,Paraná,41,Londrina,Privada,2º ano,32192,1013,31179,3.15,2601.61,82.8,52.7,Baixo,Q2,Q4 (mais alto),Q1 (mais baixo)
2019,2,2019-S2,2019-12-01,Sul,SC,Santa Catarina,42,Florianópolis,Pública,2º ano,6444,479,5965,7.43,2394.46,52.19,56.3,Médio,Q2,Q1 (mais baixo),Q1 (mais baixo)
2019,2,2019-S2,2019-12-01,Sul,SC,Santa Catarina,42,Florianópolis,Privada,1º ano,32789,572,32217,1.74,3337.57,60.79,87.2,Baixo,Q4 (mais alto),Q2,Q4 (mais alto)
2019,2,2019-S2,2019-12-01,Sul,SC,Santa Catarina,42,Joinville,Pública,2º ano,39714,3636,36078,9.16,2661.88,75.15,93.7,Alto,Q2,Q4 (mais alto),Q4 (mais alto)
2019,2,2019-S2,2019-12-01,Sul,SC,Santa Catarina,42,Joinville,Privada,2º ano,9610,701,8909,7.29,2828.44,68.29,58.9,Médio,Q3,Q3,Q2
2019,2,2019-S2,2019-12-01,Sul,RS,Rio Grande do Sul,43,Porto Alegre,Pública,1º ano,10767,1101,9666,10.23,2818.68,49.76,68.0,Alto,Q2,Q1 (mais baixo),Q2
2019,2,2019-S2,2019-12-01,Sul,RS,Rio Grande do Sul,43,Porto Alegre,Privada,3º ano,3969,138,3831,3.48,2456.68,57.81,84.4,Baixo,Q2,Q2,Q4 (mais alto)
2019,2,2019-S2,2019-12-01,Sul,RS,Rio Grande do Sul,43,Caxias do Sul,Pública,2º ano,10438,1265,9173,12.12,3170.33,69.33,71.0,Alto,Q3,Q3,Q3
2019,2,2019-S2,2019-12-01,Sul,RS,Rio Grande do Sul,43,Caxias do Sul,Privada,1º ano,6204,454,5750,7.32,3156.65,65.88,79.7,Médio,Q3,Q3,Q3
2020,1,2020-S1,2020-06-01,Norte,AM,Amazonas,13,Manaus,Pública,1º ano,11989,1098,10891,9.16,3369.98,63.85,90.9,Alto,Q4 (mais alto),Q2,Q4 (mais alto)
2020,1,2020-S1,2020-06-01,Norte,AM,Amazonas,13,Manaus,Privada,1º ano,20614,854,19760,4.14,3113.47,79.61,68.5,Médio,Q3,Q4 (mais alto),Q2
2020,1,2020-S1,2020-06-01,Norte,PA,Pará,15,Belém,Pública,2º ano,45113,5878,39235,13.03,2111.38,56.1,83.0,Crítico,Q1 (mais baixo),Q1 (mais baixo),Q4 (mais alto)
2020,1,2020-S1,2020-06-01,Norte,PA,Pará,15,Belém,Privada,1º ano,46574,1898,44676,4.08,2197.86,56.6,71.4,Médio,Q1 (mais baixo),Q1 (mais baixo),Q3
2020,1,2020-S1,2020-06-01,Norte,PA,Pará,15,Santarém,Pública,1º ano,877,47,830,5.36,3896.24,68.61,80.7,Médio,Q4 (mais alto),Q3,Q3
2020,1,2020-S1,2020-06-01,Norte,PA,Pará,15,Santarém,Privada,2º ano,22419,1039,21380,4.63,2315.33,53.84,74.6,Médio,Q1 (mais baixo),Q1 (mais baixo),Q3
2020,1,2020-S1,2020-06-01,Norte,RO,Rondônia,11,Porto Velho,Pública,3º ano,34973,4252,30721,12.16,3091.89,75.13,64.5,Alto,Q3,Q4 (mais alto),Q2
2020,1,2020-S1,2020-06-01,Norte,RO,Rondônia,11,Porto Velho,Privada,3º ano,15300,599,14701,3.92,3729.52,69.6,80.2,Baixo,Q4 (mais alto),Q3,Q3
2020,1,2020-S1,2020-06-01,Norte,TO,Tocantins,17,Palmas,Pública,2º ano,12133,1289,10844,10.62,1873.98,62.47,82.0,Alto,Q1 (mais baixo),Q2,Q3
2020,1,2020-S1,2020-06-01,Norte,TO,Tocantins,17,Palmas,Privada,3º ano,468,8,460,1.71,4077.26,50.21,46.9,Baixo,Q4 (mais alto),Q1 (mais baixo),Q1 (mais baixo)
2020,1,2020-S1,2020-06-01,Nordeste,BA,Bahia,29,Salvador,Pública,3º ano,39085,4177,34908,10.69,3854.74,51.26,58.4,Alto,Q4 (mais alto),Q1 (mais baixo),Q2
2020,1,2020-S1,2020-06-01,Nordeste,BA,Bahia,29,Salvador,Privada,2º ano,13048,372,12676,2.85,4120.11,70.97,71.9,Baixo,Q4 (mais alto),Q3,Q3
2020,1,2020-S1,2020-06-01,Nordeste,BA,Bahia,29,Feira de Santana,Pública,2º ano,9974,849,9125,8.51,2227.88,45.18,72.5,Alto,Q1 (mais baixo),Q1 (mais baixo),Q3
2020,1,2020-S1,2020-06-01,Nordeste,BA,Bahia,29,Feira de Santana,Privada,1º ano,3762,112,3650,2.98,2898.12,55.88,80.4,Baixo,Q3,Q1 (mais baixo),Q3
2020,1,2020-S1,2020-06-01,Nordeste,PE,Pernambuco,26,Recife,Pública,3º ano,7091,642,6449,9.05,1264.86,68.22,63.4,Alto,Q1 (mais baixo),Q3,Q2
2020,1,2020-S1,2020-06-01,Nordeste,PE,Pernambuco,26,Recife,Privada,2º ano,39510,197,39313,0.5,2236.07,50.4,76.2,Baixo,Q1 (mais baixo),Q1 (mais baixo),Q3
2020,1,2020-S1,2020-06-01,Nordeste,PE,Pernambuco,26,Jaboatão dos Guararapes,Pública,3º ano,36499,3816,32683,10.46,2984.16,60.59,77.9,Alto,Q3,Q2,Q3
2020,1,2020-S1,2020-06-01,Nordeste,PE,Pernambuco,26,Jaboatão dos Guararapes,Privada,1º ano,27099,872,26227,3.22,3456.43,47.22,64.7,Baixo,Q4 (mais alto),Q1 (mais baixo),Q2
2020,1,2020-S1,2020-06-01,Nordeste,CE,Ceará,23,Fortaleza,Pública,2º ano,2828,271,2557,9.58,2430.56,63.59,72.5,Alto,Q2,Q2,Q3
2020,1,2020-S1,2020-06-01,Nordeste,CE,Ceará,23,Fortaleza,Privada,1º ano,34763,419,34344,1.21,3203.15,68.97,75.2,Baixo,Q3,Q3,Q3
2020,1,2020-S1,2020-06-01,Nordeste,CE,Ceará,23,Juazeiro do Norte,Pública,2º ano,8217,543,7674,6.61,3657.59,61.22,65.4,Médio,Q4 (mais alto),Q2,Q2
2020,1,2020-S1,2020-06-01,Nordeste,CE,Ceará,23,Juazeiro do Norte,Privada,2º ano,2701,20,2681,0.74,2334.44,63.95,85.8,Baixo,Q1 (mais baixo),Q2,Q4 (mais alto)
2020,1,2020-S1,2020-06-01,Nordeste,MA,Maranhão,21,São Luís,Pública,1º ano,27921,3840,24081,13.75,3103.78,73.96,66.3,Crítico,Q3,Q4 (mais alto),Q2
2020,1,2020-S1,2020-06-01,Nordeste,MA,Maranhão,21,São Luís,Privada,2º ano,23882,1039,22843,4.35,3206.78,54.82,48.6,Médio,Q3,Q1 (mais baixo),Q1 (mais baixo)
2020,1,2020-S1,2020-06-01,Nordeste,PB,Paraíba,25,João Pessoa,Pública,1º ano,8407,627,7780,7.46,3202.25,59.22,73.1,Médio,Q3,Q2,Q3
2020,1,2020-S1,2020-06-01,Nordeste,PB,Paraíba,25,João Pessoa,Privada,3º ano,42036,2311,39725,5.5,2664.42,58.53,62.6,Médio,Q2,Q2,Q2
2020,1,2020-S1,2020-06-01,Centro-Oeste,DF,Distrito Federal,53,Brasília,Pública,2º ano,46839,4481,42358,9.57,3007.45,52.31,63.5,Alto,Q3,Q1 (mais baixo),Q2
2020,1,2020-S1,2020-06-01,Centro-Oeste,DF,Distrito Federal,53,Brasília,Privada,3º ano,23153,1799,21354,7.77,3116.37,68.72,61.4,Médio,Q3,Q3,Q2
2020,1,2020-S1,2020-06-01,Centro-Oeste,GO,Goiás,52,Goiânia,Pública,1º ano,47105,5040,42065,10.7,3459.21,58.16,71.4,Alto,Q4 (mais alto),Q2,Q3
2020,1,2020-S1,2020-06-01,Centro-Oeste,GO,Goiás,52,Goiânia,Privada,3º ano,19582,1310,18272,6.69,3586.2,41.76,87.3,Médio,Q4 (mais alto),Q1 (mais baixo),Q4 (mais alto)
2020,1,2020-S1,2020-06-01,Centro-Oeste,GO,Goiás,52,Aparecida de Goiânia,Pública,3º ano,10202,1055,9147,10.34,1961.26,63.06,77.5,Alto,Q1 (mais baixo),Q2,Q3
2020,1,2020-S1,2020-06-01,Centro-Oeste,GO,Goiás,52,Aparecida de Goiânia,Privada,3º ano,42839,2228,40611,5.2,3842.69,56.19,79.9,Médio,Q4 (mais alto),Q1 (mais baixo),Q3
2020,1,2020-S1,2020-06-01,Centro-Oeste,MT,Mato Grosso,51,Cuiabá,Pública,3º ano,37493,3452,34041,9.21,2887.48,79.97,48.5,Alto,Q3,Q4 (mais alto),Q1 (mais baixo)
2020,1,2020-S1,2020-06-01,Centro-Oeste,MT,Mato Grosso,51,Cuiabá,Privada,2º ano,45160,1189,43971,2.63,3520.94,70.02,88.7,Baixo,Q4 (mais alto),Q3,Q4 (mais alto)
2020,1,2020-S1,2020-06-01,Centro-Oeste,MS,Mato Grosso do Sul,50,Campo Grande,Pública,2º ano,34004,3645,30359,10.72,2187.63,74.04,68.7,Alto,Q1 (mais baixo),Q4 (mais alto),Q2
2020,1,2020-S1,2020-06-01,Centro-Oeste,MS,Mato Grosso do Sul,50,Campo Grande,Privada,2º ano,35850,1557,34293,4.34,3115.07,71.28,73.4,Médio,Q3,Q3,Q3
2020,1,2020-S1,2020-06-01,Sudeste,SP,São Paulo,35,São Paulo,Pública,2º ano,17907,1840,16067,10.28,2484.94,46.66,82.5,Alto,Q2,Q1 (mais baixo),Q4 (mais alto)
2020,1,2020-S1,2020-06-01,Sudeste,SP,São Paulo,35,São Paulo,Privada,3º ano,31892,1842,30050,5.78,2266.09,70.75,82.7,Médio,Q1 (mais baixo),Q3,Q4 (mais alto)
2020,1,2020-S1,2020-06-01,Sudeste,SP,São Paulo,35,Campinas,Pública,3º ano,38539,3526,35013,9.15,2948.62,68.9,86.6,Alto,Q3,Q3,Q4 (mais alto)
2020,1,2020-S1,2020-06-01,Sudeste,SP,São Paulo,35,Campinas,Privada,1º ano,23517,1546,21971,6.57,2656.62,48.45,92.2,Médio,Q2,Q1 (mais baixo),Q4 (mais alto)
2020,1,2020-S1,2020-06-01,Sudeste,SP,São Paulo,35,Ribeirão Preto,Pública,1º ano,21473,1857,19616,8.65,3453.92,62.68,69.8,Alto,Q4 (mais alto),Q2,Q2
2020,1,2020-S1,2020-06-01,Sudeste,SP,São Paulo,35,Ribeirão Preto,Privada,1º ano,10331,358,9973,3.47,2744.21,54.03,66.6,Baixo,Q2,Q1 (mais baixo),Q2
2020,1,2020-S1,2020-06-01,Sudeste,RJ,Rio de Janeiro,33,Rio de Janeiro,Pública,3º ano,25320,2832,22488,11.18,4077.61,93.49,70.1,Alto,Q4 (mais alto),Q4 (mais alto),Q3
2020,1,2020-S1,2020-06-01,Sudeste,RJ,Rio de Janeiro,33,Rio de Janeiro,Privada,2º ano,19507,1081,18426,5.54,3023.81,62.39,59.8,Médio,Q3,Q2,Q2
2020,1,2020-S1,2020-06-01,Sudeste,RJ,Rio de Janeiro,33,Niterói,Pública,1º ano,24212,2410,21802,9.95,3877.87,77.16,71.4,Alto,Q4 (mais alto),Q4 (mais alto),Q3
2020,1,2020-S1,2020-06-01,Sudeste,RJ,Rio de Janeiro,33,Niterói,Privada,2º ano,49629,3518,46111,7.09,2516.93,77.37,76.2,Médio,Q2,Q4 (mais alto),Q3
2020,1,2020-S1,2020-06-01,Sudeste,RJ,Rio de Janeiro,33,Nova Iguaçu,Pública,3º ano,47974,3781,44193,7.88,2998.38,67.34,60.6,Médio,Q3,Q3,Q2
2020,1,2020-S1,2020-06-01,Sudeste,RJ,Rio de Janeiro,33,Nova Iguaçu,Privada,2º ano,36514,1466,35048,4.01,3317.48,48.95,75.3,Médio,Q4 (mais alto),Q1 (mais baixo),Q3
2020,1,2020-S1,2020-06-01,Sudeste,RJ,Rio de Janeiro,33,Petrópolis,Pública,2º ano,46515,5765,40750,12.39,3101.02,70.7,94.3,Alto,Q3,Q3,Q4 (mais alto)
2020,1,2020-S1,2020-06-01,Sudeste,RJ,Rio de Janeiro,33,Petrópolis,Privada,1º ano,35882,1881,34001,5.24,3852.26,55.37,47.6,Médio,Q4 (mais alto),Q1 (mais baixo),Q1 (mais baixo)
2020,1,2020-S1,2020-06-01,Sudeste,MG,Minas Gerais,31,Belo Horizonte,Pública,3º ano,22436,2273,20163,10.13,3148.98,33.7,58.1,Alto,Q3,Q1 (mais baixo),Q2
2020,1,2020-S1,2020-06-01,Sudeste,MG,Minas Gerais,31,Belo Horizonte,Privada,1º ano,22246,807,21439,3.63,2049.31,50.63,51.0,Baixo,Q1 (mais baixo),Q1 (mais baixo),Q1 (mais baixo)
2020,1,2020-S1,2020-06-01,Sudeste,MG,Minas Gerais,31,Uberlândia,Pública,3º ano,33293,3983,29310,11.96,2607.85,54.47,67.1,Alto,Q2,Q1 (mais baixo),Q2
2020,1,2020-S1,2020-06-01,Sudeste,MG,Minas Gerais,31,Uberlândia,Privada,2º ano,31372,1366,30006,4.35,3566.41,70.4,88.4,Médio,Q4 (mais alto),Q3,Q4 (mais alto)
2020,1,2020-S1,2020-06-01,Sudeste,MG,Minas Gerais,31,Juiz de Fora,Pública,2º ano,28763,2727,26036,9.48,2735.81,64.6,53.5,Alto,Q2,Q3,Q1 (mais baixo)
2020,1,2020-S1,2020-06-01,Sudeste,MG,Minas Gerais,31,Juiz de Fora,Privada,2º ano,5558,161,5397,2.9,2672.49,61.2,71.7,Baixo,Q2,Q2,Q3
2020,1,2020-S1,2020-06-01,Sudeste,ES,Espírito Santo,32,Vitória,Pública,3º ano,9300,792,8508,8.52,2858.91,57.26,79.0,Alto,Q3,Q2,Q3
2020,1,2020-S1,2020-06-01,Sudeste,ES,Espírito Santo,32,Vitória,Privada,3º ano,41338,1558,39780,3.77,1095.18,64.3,90.0,Baixo,Q1 (mais baixo),Q2,Q4 (mais alto)
2020,1,2020-S1,2020-06-01,Sudeste,ES,Espírito Santo,32,Vila Velha,Pública,3º ano,41897,3875,38022,9.25,1156.91,68.01,47.4,Alto,Q1 (mais baixo),Q3,Q1 (mais baixo)
2020,1,2020-S1,2020-06-01,Sudeste,ES,Espírito Santo,32,Vila Velha,Privada,1º ano,21597,994,20603,4.6,2870.84,59.21,53.0,Médio,Q3,Q2,Q1 (mais baixo)
2020,1,2020-S1,2020-06-01,Sudeste,ES,Espírito Santo,32,Serra,Pública,1º ano,542,34,508,6.27,2388.0,81.28,77.4,Médio,Q2,Q4 (mais alto),Q3
2020,1,2020-S1,2020-06-01,Sudeste,ES,Espírito Santo,32,Serra,Privada,2º ano,1881,74,1807,3.93,2938.04,58.36,74.4,Baixo,Q3,Q2,Q3
2020,1,2020-S1,2020-06-01,Sul,PR,Paraná,41,Curitiba,Pública,1º ano,553,49,504,8.86,2685.05,84.59,61.5,Alto,Q2,Q4 (mais alto),Q2
2020,1,2020-S1,2020-06-01,Sul,PR,Paraná,41,Curitiba,Privada,1º ano,47673,2123,45550,4.45,1785.5,70.73,91.7,Médio,Q1 (mais baixo),Q3,Q4 (mais alto)
2020,1,2020-S1,2020-06-01,Sul,PR,Paraná,41,Londrina,Pública,3º ano,42362,4258,38104,10.05,2215.23,55.08,75.7,Alto,Q1 (mais baixo),Q1 (mais baixo),Q3
2020,1,2020-S1,2020-06-01,Sul,PR,Paraná,41,Londrina,Privada,1º ano,44814,1157,43657,2.58,3494.0,57.67,63.3,Baixo,Q4 (mais alto),Q2,Q2
2020,1,2020-S1,2020-06-01,Sul,SC,Santa Catarina,42,Florianópolis,Pública,3º ano,19628,1670,17958,8.51,2437.72,74.48,66.5,Alto,Q2,Q4 (mais alto),Q2
2020,1,2020-S1,2020-06-01,Sul,SC,Santa Catarina,42,Florianópolis,Privada,1º ano,22764,1212,21552,5.32,2864.23,65.85,83.0,Médio,Q3,Q3,Q4 (mais alto)
2020,1,2020-S1,2020-06-01,Sul,SC,Santa Catarina,42,Joinville,Pública,1º ano,28208,3401,24807,12.06,3532.44,69.68,49.4,Alto,Q4 (mais alto),Q3,Q1 (mais baixo)
2020,1,2020-S1,2020-06-01,Sul,SC,Santa Catarina,42,Joinville,Privada,1º ano,40627,1165,39462,2.87,3061.43,58.4,57.2,Baixo,Q3,Q2,Q2
2020,1,2020-S1,2020-06-01,Sul,RS,Rio Grande do Sul,43,Porto Alegre,Pública,1º ano,11765,933,10832,7.93,3716.14,62.07,84.9,Médio,Q4 (mais alto),Q2,Q4 (mais alto)
2020,1,2020-S1,2020-06-01,Sul,RS,Rio Grande do Sul,43,Porto Alegre,Privada,3º ano,24592,2226,22366,9.05,3473.05,58.07,67.1,Alto,Q4 (mais alto),Q2,Q2
2020,1,2020-S1,2020-06-01,Sul,RS,Rio Grande do Sul,43,Caxias do Sul,Pública,1º ano,18607,2083,16524,11.19,3014.05,79.83,89.9,Alto,Q3,Q4 (mais alto),Q4 (mais alto)
2020,1,2020-S1,2020-06-01,Sul,RS,Rio Grande do Sul,43,Caxias do Sul,Privada,1º ano,47804,697,47107,1.46,3579.61,67.67,48.9,Baixo,Q4 (mais alto),Q3,Q1 (mais baixo)
2020,2,2020-S2,2020-12-01,Norte,AM,Amazonas,13,Manaus,Pública,3º ano,34825,3040,31785,8.73,3864.97,48.67,70.4,Alto,Q4 (mais alto),Q1 (mais baixo),Q3
2020,2,2020-S2,2020-12-01,Norte,AM,Amazonas,13,Manaus,Privada,2º ano,14414,799,13615,5.54,2975.12,66.09,47.1,Médio,Q3,Q3,Q1 (mais baixo)
2020,2,2020-S2,2020-12-01,Norte,PA,Pará,15,Belém,Pública,1º ano,42393,4739,37654,11.18,3560.1,61.72,53.6,Alto,Q4 (mais alto),Q2,Q1 (mais baixo)
2020,2,2020-S2,2020-12-01,Norte,PA,Pará,15,Belém,Privada,2º ano,17189,864,16325,5.03,1079.53,72.47,76.0,Médio,Q1 (mais baixo),Q3,Q3
2020,2,2020-S2,2020-12-01,Norte,PA,Pará,15,Santarém,Pública,3º ano,11977,1088,10889,9.08,4416.97,50.01,49.1,Alto,Q4 (mais alto),Q1 (mais baixo),Q1 (mais baixo)
2020,2,2020-S2,2020-12-01,Norte,PA,Pará,15,Santarém,Privada,1º ano,48682,2025,46657,4.16,3992.04,61.03,75.1,Médio,Q4 (mais alto),Q2,Q3
2020,2,2020-S2,2020-12-01,Norte,RO,Rondônia,11,Porto Velho,Pública,1º ano,6656,639,6017,9.6,2888.9,67.1,91.1,Alto,Q3,Q3,Q4 (mais alto)
2020,2,2020-S2,2020-12-01,Norte,RO,Rondônia,11,Porto Velho,Privada,3º ano,46041,3087,42954,6.7,3265.05,70.06,52.7,Médio,Q3,Q3,Q1 (mais baixo)
2020,2,2020-S2,2020-12-01,Norte,TO,Tocantins,17,Palmas,Pública,2º ano,23179,2266,20913,9.78,2784.94,69.12,78.6,Alto,Q2,Q3,Q3
2020,2,2020-S2,2020-12-01,Norte,TO,Tocantins,17,Palmas,Privada,2º ano,28537,1428,27109,5.0,3130.64,63.53,61.5,Médio,Q3,Q2,Q2
2020,2,2020-S2,2020-12-01,Nordeste,BA,Bahia,29,Salvador,Pública,1º ano,21787,2443,19344,11.21,2825.46,53.25,75.9,Alto,Q3,Q1 (mais baixo),Q3
2020,2,2020-S2,2020-12-01,Nordeste,BA,Bahia,29,Salvador,Privada,2º ano,1018,20,998,1.96,2204.33,62.78,46.7,Baixo,Q1 (mais baixo),Q2,Q1 (mais baixo)
2020,2,2020-S2,2020-12-01,Nordeste,BA,Bahia,29,Feira de Santana,Pública,1º ano,17014,2417,14597,14.21,4319.98,41.84,49.5,Crítico,Q4 (mais alto),Q1 (mais baixo),Q1 (mais baixo)
2020,2,2020-S2,2020-12-01,Nordeste,BA,Bahia,29,Feira de Santana,Privada,2º ano,7222,378,6844,5.23,3098.08,60.63,45.2,Médio,Q3,Q2,Q1 (mais baixo)
2020,2,2020-S2,2020-12-01,Nordeste,PE,Pernambuco,26,Recife,Pública,3º ano,32874,3539,29335,10.77,2456.87,60.2,63.6,Alto,Q2,Q2,Q2
2020,2,2020-S2,2020-12-01,Nordeste,PE,Pernambuco,26,Recife,Privada,1º ano,45292,3090,42202,6.82,3190.89,62.29,84.3,Médio,Q3,Q2,Q4 (mais alto)
2020,2,2020-S2,2020-12-01,Nordeste,PE,Pernambuco,26,Jaboatão dos Guararapes,Pública,3º ano,9058,804,8254,8.88,1593.16,49.1,60.3,Alto,Q1 (mais baixo),Q1 (mais baixo),Q2
2020,2,2020-S2,2020-12-01,Nordeste,PE,Pernambuco,26,Jaboatão dos Guararapes,Privada,2º ano,24724,754,23970,3.05,2197.85,69.15,79.5,Baixo,Q1 (mais baixo),Q3,Q3
2020,2,2020-S2,2020-12-01,Nordeste,CE,Ceará,23,Fortaleza,Pública,2º ano,26654,3168,23486,11.89,2693.23,53.62,63.1,Alto,Q2,Q1 (mais baixo),Q2
2020,2,2020-S2,2020-12-01,Nordeste,CE,Ceará,23,Fortaleza,Privada,2º ano,45534,1318,44216,2.89,2994.66,36.1,74.8,Baixo,Q3,Q1 (mais baixo),Q3
2020,2,2020-S2,2020-12-01,Nordeste,CE,Ceará,23,Juazeiro do Norte,Pública,3º ano,39058,5517,33541,14.13,3512.57,70.06,61.8,Crítico,Q4 (mais alto),Q3,Q2
2020,2,2020-S2,2020-12-01,Nordeste,CE,Ceará,23,Juazeiro do Norte,Privada,3º ano,13750,661,13089,4.81,2689.98,53.75,82.0,Médio,Q2,Q1 (mais baixo),Q3
2020,2,2020-S2,2020-12-01,Nordeste,MA,Maranhão,21,São Luís,Pública,3º ano,44311,6608,37703,14.91,3835.21,73.05,49.7,Crítico,Q4 (mais alto),Q4 (mais alto),Q1 (mais baixo)
2020,2,2020-S2,2020-12-01,Nordeste,MA,Maranhão,21,São Luís,Privada,3º ano,41318,2016,39302,4.88,3946.48,66.66,49.0,Médio,Q4 (mais alto),Q3,Q1 (mais baixo)
2020,2,2020-S2,2020-12-01,Nordeste,PB,Paraíba,25,João Pessoa,Pública,1º ano,23715,2375,21340,10.01,3412.64,63.12,73.6,Alto,Q4 (mais alto),Q2,Q3
2020,2,2020-S2,2020-12-01,Nordeste,PB,Paraíba,25,João Pessoa,Privada,2º ano,6100,163,5937,2.67,3731.47,81.3,53.0,Baixo,Q4 (mais alto),Q4 (mais alto),Q1 (mais baixo)
2020,2,2020-S2,2020-12-01,Centro-Oeste,DF,Distrito Federal,53,Brasília,Pública,1º ano,11398,1786,9612,15.67,2607.31,44.73,53.9,Crítico,Q2,Q1 (mais baixo),Q1 (mais baixo)
2020,2,2020-S2,2020-12-01,Centro-Oeste,DF,Distrito Federal,53,Brasília,Privada,2º ano,44641,2774,41867,6.21,2266.38,45.91,53.0,Médio,Q1 (mais baixo),Q1 (mais baixo),Q1 (mais baixo)
2020,2,2020-S2,2020-12-01,Centro-Oeste,GO,Goiás,52,Goiânia,Pública,3º ano,36252,4762,31490,13.14,2413.78,71.85,63.3,Crítico,Q2,Q3,Q2
2020,2,2020-S2,2020-12-01,Centro-Oeste,GO,Goiás,52,Goiânia,Privada,3º ano,40557,2054,38503,5.06,2427.91,57.73,66.3,Médio,Q2,Q2,Q2
2020,2,2020-S2,2020-12-01,Centro-Oeste,GO,Goiás,52,Aparecida de Goiânia,Pública,2º ano,49224,5718,43506,11.62,2660.19,79.79,70.3,Alto,Q2,Q4 (mais alto),Q3
2020,2,2020-S2,2020-12-01,Centro-Oeste,GO,Goiás,52,Aparecida de Goiânia,Privada,1º ano,14754,332,14422,2.25,2802.95,43.37,94.2,Baixo,Q2,Q1 (mais baixo),Q4 (mais alto)
2020,2,2020-S2,2020-12-01,Centro-Oeste,MT,Mato Grosso,51,Cuiabá,Pública,2º ano,24176,2258,21918,9.34,3598.08,57.11,94.4,Alto,Q4 (mais alto),Q2,Q4 (mais alto)
2020,2,2020-S2,2020-12-01,Centro-Oeste,MT,Mato Grosso,51,Cuiabá,Privada,2º ano,49949,973,48976,1.95,3483.77,64.98,91.1,Baixo,Q4 (mais alto),Q3,Q4 (mais alto)
2020,2,2020-S2,2020-12-01,Centro-Oeste,MS,Mato Grosso do Sul,50,Campo Grande,Pública,3º ano,26317,3405,22912,12.94,2659.78,53.04,71.2,Alto,Q2,Q1 (mais baixo),Q3
2020,2,2020-S2,2020-12-01,Centro-Oeste,MS,Mato Grosso do Sul,50,Campo Grande,Privada,1º ano,36341,956,35385,2.63,3620.29,67.69,77.7,Baixo,Q4 (mais alto),Q3,Q3
2020,2,2020-S2,2020-12-01,Sudeste,SP,São Paulo,35,São Paulo,Pública,1º ano,22551,2001,20550,8.87,3037.44,74.13,55.7,Alto,Q3,Q4 (mais alto),Q1 (mais baixo)
2020,2,2020-S2,2020-12-01,Sudeste,SP,São Paulo,35,São Paulo,Privada,1º ano,5178,255,4923,4.92,2688.44,52.64,46.5,Médio,Q2,Q1 (mais baixo),Q1 (mais baixo)
2020,2,2020-S2,2020-12-01,Sudeste,SP,São Paulo,35,Campinas,Pública,1º ano,13344,1850,11494,13.86,3780.06,72.35,92.2,Crítico,Q4 (mais alto),Q3,Q4 (mais alto)
2020,2,2020-S2,2020-12-01,Sudeste,SP,São Paulo,35,Campinas,Privada,3º ano,11841,366,11475,3.09,1803.38,47.92,72.5,Baixo,Q1 (mais baixo),Q1 (mais baixo),Q3
2020,2,2020-S2,2020-12-01,Sudeste,SP,São Paulo,35,Ribeirão Preto,Pública,1º ano,2711,231,2480,8.52,2959.61,78.53,58.6,Alto,Q3,Q4 (mais alto),Q2
2020,2,2020-S2,2020-12-01,Sudeste,SP,São Paulo,35,Ribeirão Preto,Privada,1º ano,47045,1066,45979,2.27,2723.12,75.23,84.6,Baixo,Q2,Q4 (mais alto),Q4 (mais alto)
2020,2,2020-S2,2020-12-01,Sudeste,RJ,Rio de Janeiro,33,Rio de Janeiro,Pública,3º ano,40642,3222,37420,7.93,2454.84,65.52,77.7,Médio,Q2,Q3,Q3
2020,2,2020-S2,2020-12-01,Sudeste,RJ,Rio de Janeiro,33,Rio de Janeiro,Privada,2º ano,31218,493,30725,1.58,3597.1,63.96,56.5,Baixo,Q4 (mais alto),Q2,Q1 (mais baixo)
2020,2,2020-S2,2020-12-01,Sudeste,RJ,Rio de Janeiro,33,Niterói,Pública,2º ano,5554,427,5127,7.69,4022.78,64.1,58.6,Médio,Q4 (mais alto),Q2,Q2
2020,2,2020-S2,2020-12-01,Sudeste,RJ,Rio de Janeiro,33,Niterói,Privada,2º ano,15111,875,14236,5.79,2515.93,78.76,84.4,Médio,Q2,Q4 (mais alto),Q4 (mais alto)
2020,2,2020-S2,2020-12-01,Sudeste,RJ,Rio de Janeiro,33,Nova Iguaçu,Pública,2º ano,2690,377,2313,14.01,2540.0,65.97,92.7,Crítico,Q2,Q3,Q4 (mais alto)
2020,2,2020-S2,2020-12-01,Sudeste,RJ,Rio de Janeiro,33,Nova Iguaçu,Privada,3º ano,22477,1439,21038,6.4,1959.31,74.7,91.9,Médio,Q1 (mais baixo),Q4 (mais alto),Q4 (mais alto)
2020,2,2020-S2,2020-12-01,Sudeste,RJ,Rio de Janeiro,33,Petrópolis,Pública,2º ano,47514,5695,41819,11.99,2575.37,67.12,65.1,Alto,Q2,Q3,Q2
2020,2,2020-S2,2020-12-01,Sudeste,RJ,Rio de Janeiro,33,Petrópolis,Privada,3º ano,1104,83,1021,7.52,2548.18,70.94,91.8,Médio,Q2,Q3,Q4 (mais alto)
2020,2,2020-S2,2020-12-01,Sudeste,MG,Minas Gerais,31,Belo Horizonte,Pública,1º ano,19304,2068,17236,10.71,2099.65,82.56,67.3,Alto,Q1 (mais baixo),Q4 (mais alto),Q2
2020,2,2020-S2,2020-12-01,Sudeste,MG,Minas Gerais,31,Belo Horizonte,Privada,2º ano,48673,914,47759,1.88,2676.46,55.61,93.0,Baixo,Q2,Q1 (mais baixo),Q4 (mais alto)
2020,2,2020-S2,2020-12-01,Sudeste,MG,Minas Gerais,31,Uberlândia,Pública,1º ano,19076,1611,17465,8.45,3093.31,54.86,50.0,Alto,Q3,Q1 (mais baixo),Q1 (mais baixo)
2020,2,2020-S2,2020-12-01,Sudeste,MG,Minas Gerais,31,Uberlândia,Privada,3º ano,12451,666,11785,5.35,2296.97,76.53,51.7,Médio,Q1 (mais baixo),Q4 (mais alto),Q1 (mais baixo)
2020,2,2020-S2,2020-12-01,Sudeste,MG,Minas Gerais,31,Juiz de Fora,Pública,2º ano,17498,1997,15501,11.41,2706.44,63.12,74.6,Alto,Q2,Q2,Q3
2020,2,2020-S2,2020-12-01,Sudeste,MG,Minas Gerais,31,Juiz de Fora,Privada,1º ano,776,41,735,5.28,3051.97,57.17,71.8,Médio,Q3,Q2,Q3
2020,2,2020-S2,2020-12-01,Sudeste,ES,Espírito Santo,32,Vitória,Pública,1º ano,44916,4253,40663,9.47,2930.7,40.82,68.5,Alto,Q3,Q1 (mais baixo),Q2
2020,2,2020-S2,2020-12-01,Sudeste,ES,Espírito Santo,32,Vitória,Privada,3º ano,23092,421,22671,1.82,2374.63,66.0,82.1,Baixo,Q2,Q3,Q3
2020,2,2020-S2,2020-12-01,Sudeste,ES,Espírito Santo,32,Vila Velha,Pública,1º ano,34675,3001,31674,8.65,3066.59,83.39,46.7,Alto,Q3,Q4 (mais alto),Q1 (mais baixo)
2020,2,2020-S2,2020-12-01,Sudeste,ES,Espírito Santo,32,Vila Velha,Privada,1º ano,24928,1503,23425,6.03,3666.09,54.95,55.0,Médio,Q4 (mais alto),Q1 (mais baixo),Q1 (mais baixo)
2020,2,2020-S2,2020-12-01,Sudeste,ES,Espírito Santo,32,Serra,Pública,3º ano,18909,1907,17002,10.09,2324.89,72.96,46.9,Alto,Q1 (mais baixo),Q4 (mais alto),Q1 (mais baixo)
2020,2,2020-S2,2020-12-01,Sudeste,ES,Espírito Santo,32,Serra,Privada,2º ano,49817,249,49568,0.5,3873.24,64.09,65.0,Baixo,Q4 (mais alto),Q2,Q2
2020,2,2020-S2,2020-12-01,Sul,PR,Paraná,41,Curitiba,Pública,3º ano,37293,3881,33412,10.41,3910.93,49.61,82.5,Alto,Q4 (mais alto),Q1 (mais baixo),Q4 (mais alto)
2020,2,2020-S2,2020-12-01,Sul,PR,Paraná,41,Curitiba,Privada,2º ano,19106,946,18160,4.95,3526.62,74.19,51.4,Médio,Q4 (mais alto),Q4 (mais alto),Q1 (mais baixo)
2020,2,2020-S2,2020-12-01,Sul,PR,Paraná,41,Londrina,Pública,1º ano,18517,1733,16784,9.36,4347.38,72.65,57.1,Alto,Q4 (mais alto),Q4 (mais alto),Q2
2020,2,2020-S2,2020-12-01,Sul,PR,Paraná,41,Londrina,Privada,1º ano,15798,536,15262,3.39,3369.53,64.77,93.8,Baixo,Q4 (mais alto),Q3,Q4 (mais alto)
2020,2,2020-S2,2020-12-01,Sul,SC,Santa Catarina,42,Florianópolis,Pública,2º ano,15889,2005,13884,12.62,3048.74,79.47,68.9,Alto,Q3,Q4 (mais alto),Q2
2020,2,2020-S2,2020-12-01,Sul,SC,Santa Catarina,42,Florianópolis,Privada,1º ano,2965,141,2824,4.76,2427.87,84.46,84.9,Médio,Q2,Q4 (mais alto),Q4 (mais alto)
2020,2,2020-S2,2020-12-01,Sul,SC,Santa Catarina,42,Joinville,Pública,2º ano,43430,4422,39008,10.18,3561.17,87.5,85.1,Alto,Q4 (mais alto),Q4 (mais alto),Q4 (mais alto)
2020,2,2020-S2,2020-12-01,Sul,SC,Santa Catarina,42,Joinville,Privada,3º ano,48240,654,47586,1.36,2029.42,56.87,92.4,Baixo,Q1 (mais baixo),Q2,Q4 (mais alto)
2020,2,2020-S2,2020-12-01,Sul,RS,Rio Grande do Sul,43,Porto Alegre,Pública,2º ano,25844,3062,22782,11.85,2776.43,65.04,74.3,Alto,Q2,Q3,Q3
2020,2,2020-S2,2020-12-01,Sul,RS,Rio Grande do Sul,43,Porto Alegre,Privada,3º ano,37537,1988,35549,5.3,3150.31,55.08,47.2,Médio,Q3,Q1 (mais baixo),Q1 (mais baixo)
2020,2,2020-S2,2020-12-01,Sul,RS,Rio Grande do Sul,43,Caxias do Sul,Pública,2º ano,19003,1881,17122,9.9,2471.17,76.47,94.0,Alto,Q2,Q4 (mais alto),Q4 (mais alto)
2020,2,2020-S2,2020-12-01,Sul,RS,Rio Grande do Sul,43,Caxias do Sul,Privada,2º ano,12010,899,11111,7.49,3383.59,52.78,74.4,Médio,Q4 (mais alto),Q1 (mais baixo),Q3
2021,1,2021-S1,2021-06-01,Norte,AM,Amazonas,13,Manaus,Pública,1º ano,27423,3410,24013,12.43,3098.76,67.04,83.0,Alto,Q3,Q3,Q4 (mais alto)
2021,1,2021-S1,2021-06-01,Norte,AM,Amazonas,13,Manaus,Privada,1º ano,42679,1822,40857,4.27,1403.38,84.36,61.5,Médio,Q1 (mais baixo),Q4 (mais alto),Q2
2021,1,2021-S1,2021-06-01,Norte,PA,Pará,15,Belém,Pública,3º ano,11188,1114,10074,9.96,2988.3,69.41,46.1,Alto,Q3,Q3,Q1 (mais baixo)
2021,1,2021-S1,2021-06-01,Norte,PA,Pará,15,Belém,Privada,2º ano,9403,224,9179,2.38,2492.76,90.75,47.9,Baixo,Q2,Q4 (mais alto),Q1 (mais baixo)
2021,1,2021-S1,2021-06-01,Norte,PA,Pará,15,Santarém,Pública,1º ano,35816,3819,31997,10.66,2323.86,57.88,81.6,Alto,Q1 (mais baixo),Q2,Q3
2021,1,2021-S1,2021-06-01,Norte,PA,Pará,15,Santarém,Privada,1º ano,47014,1941,45073,4.13,3479.26,62.31,76.8,Médio,Q4 (mais alto),Q2,Q3
2021,1,2021-S1,2021-06-01,Norte,RO,Rondônia,11,Porto Velho,Pública,3º ano,22855,2129,20726,9.32,3372.45,55.3,87.2,Alto,Q4 (mais alto),Q1 (mais baixo),Q4 (mais alto)
2021,1,2021-S1,2021-06-01,Norte,RO,Rondônia,11,Porto Velho,Privada,2º ano,42396,544,41852,1.28,1440.98,61.35,94.6,Baixo,Q1 (mais baixo),Q2,Q4 (mais alto)
2021,1,2021-S1,2021-06-01,Norte,TO,Tocantins,17,Palmas,Pública,1º ano,27043,4003,23040,14.8,3670.36,69.98,79.7,Crítico,Q4 (mais alto),Q3,Q3
2021,1,2021-S1,2021-06-01,Norte,TO,Tocantins,17,Palmas,Privada,1º ano,17252,872,16380,5.05,3482.46,55.0,65.4,Médio,Q4 (mais alto),Q1 (mais baixo),Q2
2021,1,2021-S1,2021-06-01,Nordeste,BA,Bahia,29,Salvador,Pública,2º ano,47227,3587,43640,7.6,3147.75,60.57,87.6,Médio,Q3,Q2,Q4 (mais alto)
2021,1,2021-S1,2021-06-01,Nordeste,BA,Bahia,29,Salvador,Privada,2º ano,48292,1020,47272,2.11,3912.04,43.76,46.7,Baixo,Q4 (mais alto),Q1 (mais baixo),Q1 (mais baixo)
2021,1,2021-S1,2021-06-01,Nordeste,BA,Bahia,29,Feira de Santana,Pública,3º ano,19192,2406,16786,12.54,2314.98,80.57,47.2,Alto,Q1 (mais baixo),Q4 (mais alto),Q1 (mais baixo)
2021,1,2021-S1,2021-06-01,Nordeste,BA,Bahia,29,Feira de Santana,Privada,3º ano,40523,1910,38613,4.71,1829.58,53.82,87.5,Médio,Q1 (mais baixo),Q1 (mais baixo),Q4 (mais alto)
2021,1,2021-S1,2021-06-01,Nordeste,PE,Pernambuco,26,Recife,Pública,1º ano,5996,603,5393,10.06,3003.73,45.23,83.5,Alto,Q3,Q1 (mais baixo),Q4 (mais alto)
2021,1,2021-S1,2021-06-01,Nordeste,PE,Pernambuco,26,Recife,Privada,3º ano,13321,1056,12265,7.93,3034.12,73.13,91.5,Médio,Q3,Q4 (mais alto),Q4 (mais alto)
2021,1,2021-S1,2021-06-01,Nordeste,PE,Pernambuco,26,Jaboatão dos Guararapes,Pública,1º ano,5832,546,5286,9.36,2629.73,68.84,86.4,Alto,Q2,Q3,Q4 (mais alto)
2021,1,2021-S1,2021-06-01,Nordeste,PE,Pernambuco,26,Jaboatão dos Guararapes,Privada,3º ano,19435,808,18627,4.16,2547.4,78.59,50.3,Médio,Q2,Q4 (mais alto),Q1 (mais baixo)
2021,1,2021-S1,2021-06-01,Nordeste,CE,Ceará,23,Fortaleza,Pública,3º ano,27723,2461,25262,8.88,3027.27,84.79,55.0,Alto,Q3,Q4 (mais alto),Q1 (mais baixo)
2021,1,2021-S1,2021-06-01,Nordeste,CE,Ceará,23,Fortaleza,Privada,3º ano,5174,196,4978,3.79,2815.23,71.01,47.1,Baixo,Q2,Q3,Q1 (mais baixo)
2021,1,2021-S1,2021-06-01,Nordeste,CE,Ceará,23,Juazeiro do Norte,Pública,1º ano,21886,1915,19971,8.75,2541.7,75.29,78.2,Alto,Q2,Q4 (mais alto),Q3
2021,1,2021-S1,2021-06-01,Nordeste,CE,Ceará,23,Juazeiro do Norte,Privada,1º ano,21427,1240,20187,5.79,2502.94,59.84,53.0,Médio,Q2,Q2,Q1 (mais baixo)
2021,1,2021-S1,2021-06-01,Nordeste,MA,Maranhão,21,São Luís,Pública,3º ano,42844,4202,38642,9.81,3282.58,60.59,60.3,Alto,Q4 (mais alto),Q2,Q2
2021,1,2021-S1,2021-06-01,Nordeste,MA,Maranhão,21,São Luís,Privada,1º ano,29452,1425,28027,4.84,2810.49,74.89,84.4,Médio,Q2,Q4 (mais alto),Q4 (mais alto)
2021,1,2021-S1,2021-06-01,Nordeste,PB,Paraíba,25,João Pessoa,Pública,1º ano,23530,1908,21622,8.11,3690.9,54.68,83.2,Alto,Q4 (mais alto),Q1 (mais baixo),Q4 (mais alto)
2021,1,2021-S1,2021-06-01,Nordeste,PB,Paraíba,25,João Pessoa,Privada,3º ano,1681,39,1642,2.32,2910.03,77.74,54.0,Baixo,Q3,Q4 (mais alto),Q1 (mais baixo)
2021,1,2021-S1,2021-06-01,Centro-Oeste,DF,Distrito Federal,53,Brasília,Pública,1º ano,25789,2666,23123,10.34,3437.6,42.03,50.2,Alto,Q4 (mais alto),Q1 (mais baixo),Q1 (mais baixo)
2021,1,2021-S1,2021-06-01,Centro-Oeste,DF,Distrito Federal,53,Brasília,Privada,3º ano,24364,743,23621,3.05,3697.63,76.76,72.6,Baixo,Q4 (mais alto),Q4 (mais alto),Q3
2021,1,2021-S1,2021-06-01,Centro-Oeste,GO,Goiás,52,Goiânia,Pública,3º ano,48758,6499,42259,13.33,1405.17,66.68,67.2,Crítico,Q1 (mais baixo),Q3,Q2
2021,1,2021-S1,2021-06-01,Centro-Oeste,GO,Goiás,52,Goiânia,Privada,3º ano,16482,765,15717,4.64,2474.73,66.86,48.4,Médio,Q2,Q3,Q1 (mais baixo)
2021,1,2021-S1,2021-06-01,Centro-Oeste,GO,Goiás,52,Aparecida de Goiânia,Pública,2º ano,2422,193,2229,7.97,2902.71,70.44,89.3,Médio,Q3,Q3,Q4 (mais alto)
2021,1,2021-S1,2021-06-01,Centro-Oeste,GO,Goiás,52,Aparecida de Goiânia,Privada,3º ano,26889,1956,24933,7.27,3839.84,53.74,64.5,Médio,Q4 (mais alto),Q1 (mais baixo),Q2
2021,1,2021-S1,2021-06-01,Centro-Oeste,MT,Mato Grosso,51,Cuiabá,Pública,1º ano,31864,3660,28204,11.49,2266.85,53.1,78.4,Alto,Q1 (mais baixo),Q1 (mais baixo),Q3
2021,1,2021-S1,2021-06-01,Centro-Oeste,MT,Mato Grosso,51,Cuiabá,Privada,1º ano,24353,583,23770,2.39,2414.46,75.41,72.4,Baixo,Q2,Q4 (mais alto),Q3
2021,1,2021-S1,2021-06-01,Centro-Oeste,MS,Mato Grosso do Sul,50,Campo Grande,Pública,3º ano,2363,282,2081,11.93,3234.13,79.93,54.0,Alto,Q3,Q4 (mais alto),Q1 (mais baixo)
2021,1,2021-S1,2021-06-01,Centro-Oeste,MS,Mato Grosso do Sul,50,Campo Grande,Privada,1º ano,45885,2290,43595,4.99,2278.49,54.17,72.2,Médio,Q1 (mais baixo),Q1 (mais baixo),Q3
2021,1,2021-S1,2021-06-01,Sudeste,SP,São Paulo,35,São Paulo,Pública,1º ano,25167,2053,23114,8.16,3029.62,69.28,66.8,Alto,Q3,Q3,Q2
2021,1,2021-S1,2021-06-01,Sudeste,SP,São Paulo,35,São Paulo,Privada,3º ano,32291,1893,30398,5.86,3482.72,57.33,60.2,Médio,Q4 (mais alto),Q2,Q2
2021,1,2021-S1,2021-06-01,Sudeste,SP,São Paulo,35,Campinas,Pública,2º ano,37936,4097,33839,10.8,3241.94,67.85,94.3,Alto,Q3,Q3,Q4 (mais alto)
2021,1,2021-S1,2021-06-01,Sudeste,SP,São Paulo,35,Campinas,Privada,2º ano,4740,347,4393,7.32,2892.18,55.75,53.1,Médio,Q3,Q1 (mais baixo),Q1 (mais baixo)
2021,1,2021-S1,2021-06-01,Sudeste,SP,São Paulo,35,Ribeirão Preto,Pública,3º ano,10072,1182,8890,11.74,2147.78,68.57,86.3,Alto,Q1 (mais baixo),Q3,Q4 (mais alto)
2021,1,2021-S1,2021-06-01,Sudeste,SP,São Paulo,35,Ribeirão Preto,Privada,3º ano,40586,956,39630,2.36,1814.22,85.21,78.0,Baixo,Q1 (mais baixo),Q4 (mais alto),Q3
2021,1,2021-S1,2021-06-01,Sudeste,RJ,Rio de Janeiro,33,Rio de Janeiro,Pública,1º ano,30233,3529,26704,11.67,1288.27,63.89,60.5,Alto,Q1 (mais baixo),Q2,Q2
2021,1,2021-S1,2021-06-01,Sudeste,RJ,Rio de Janeiro,33,Rio de Janeiro,Privada,3º ano,36844,1802,35042,4.89,2621.68,59.77,47.6,Médio,Q2,Q2,Q1 (mais baixo)
2021,1,2021-S1,2021-06-01,Sudeste,RJ,Rio de Janeiro,33,Niterói,Pública,3º ano,1011,76,935,7.52,3910.32,75.4,64.0,Médio,Q4 (mais alto),Q4 (mais alto),Q2
2021,1,2021-S1,2021-06-01,Sudeste,RJ,Rio de Janeiro,33,Niterói,Privada,1º ano,19652,730,18922,3.71,1750.33,57.32,56.4,Baixo,Q1 (mais baixo),Q2,Q1 (mais baixo)
2021,1,2021-S1,2021-06-01,Sudeste,RJ,Rio de Janeiro,33,Nova Iguaçu,Pública,1º ano,5092,592,4500,11.63,3770.86,64.63,54.2,Alto,Q4 (mais alto),Q3,Q1 (mais baixo)
2021,1,2021-S1,2021-06-01,Sudeste,RJ,Rio de Janeiro,33,Nova Iguaçu,Privada,2º ano,47584,1148,46436,2.41,2248.02,68.31,80.2,Baixo,Q1 (mais baixo),Q3,Q3
2021,1,2021-S1,2021-06-01,Sudeste,RJ,Rio de Janeiro,33,Petrópolis,Pública,3º ano,25338,2154,23184,8.5,2597.74,51.18,62.8,Alto,Q2,Q1 (mais baixo),Q2
2021,1,2021-S1,2021-06-01,Sudeste,RJ,Rio de Janeiro,33,Petrópolis,Privada,1º ano,47116,1457,45659,3.09,2135.7,50.01,59.9,Baixo,Q1 (mais baixo),Q1 (mais baixo),Q2
2021,1,2021-S1,2021-06-01,Sudeste,MG,Minas Gerais,31,Belo Horizonte,Pública,3º ano,6924,813,6111,11.74,2603.9,49.03,75.7,Alto,Q2,Q1 (mais baixo),Q3
2021,1,2021-S1,2021-06-01,Sudeste,MG,Minas Gerais,31,Belo Horizonte,Privada,3º ano,18999,949,18050,4.99,2749.71,54.5,93.5,Médio,Q2,Q1 (mais baixo),Q4 (mais alto)
2021,1,2021-S1,2021-06-01,Sudeste,MG,Minas Gerais,31,Uberlândia,Pública,1º ano,46161,4230,41931,9.16,2860.4,64.81,80.5,Alto,Q3,Q3,Q3
2021,1,2021-S1,2021-06-01,Sudeste,MG,Minas Gerais,31,Uberlândia,Privada,2º ano,43737,4569,39168,10.45,3423.77,71.51,92.2,Alto,Q4 (mais alto),Q3,Q4 (mais alto)
2021,1,2021-S1,2021-06-01,Sudeste,MG,Minas Gerais,31,Juiz de Fora,Pública,1º ano,29950,2472,27478,8.25,2519.12,49.76,57.8,Alto,Q2,Q1 (mais baixo),Q2
2021,1,2021-S1,2021-06-01,Sudeste,MG,Minas Gerais,31,Juiz de Fora,Privada,1º ano,22455,1664,20791,7.41,3794.02,50.16,70.5,Médio,Q4 (mais alto),Q1 (mais baixo),Q3
2021,1,2021-S1,2021-06-01,Sudeste,ES,Espírito Santo,32,Vitória,Pública,2º ano,37947,3705,34242,9.76,2456.76,72.12,50.4,Alto,Q2,Q3,Q1 (mais baixo)
2021,1,2021-S1,2021-06-01,Sudeste,ES,Espírito Santo,32,Vitória,Privada,1º ano,5337,242,5095,4.53,3342.33,70.49,57.4,Médio,Q4 (mais alto),Q3,Q2
2021,1,2021-S1,2021-06-01,Sudeste,ES,Espírito Santo,32,Vila Velha,Pública,1º ano,30852,2355,28497,7.63,3230.28,48.72,94.5,Médio,Q3,Q1 (mais baixo),Q4 (mais alto)
2021,1,2021-S1,2021-06-01,Sudeste,ES,Espírito Santo,32,Vila Velha,Privada,2º ano,40816,1645,39171,4.03,4248.22,78.6,64.3,Médio,Q4 (mais alto),Q4 (mais alto),Q2
2021,1,2021-S1,2021-06-01,Sudeste,ES,Espírito Santo,32,Serra,Pública,1º ano,1855,170,1685,9.16,1166.02,51.63,46.7,Alto,Q1 (mais baixo),Q1 (mais baixo),Q1 (mais baixo)
2021,1,2021-S1,2021-06-01,Sudeste,ES,Espírito Santo,32,Serra,Privada,1º ano,37633,1846,35787,4.91,3053.62,61.81,83.5,Médio,Q3,Q2,Q4 (mais alto)
2021,1,2021-S1,2021-06-01,Sul,PR,Paraná,41,Curitiba,Pública,1º ano,4736,513,4223,10.83,3148.78,81.41,80.8,Alto,Q3,Q4 (mais alto),Q3
2021,1,2021-S1,2021-06-01,Sul,PR,Paraná,41,Curitiba,Privada,1º ano,29551,1585,27966,5.36,3079.12,88.33,50.2,Médio,Q3,Q4 (mais alto),Q1 (mais baixo)
2021,1,2021-S1,2021-06-01,Sul,PR,Paraná,41,Londrina,Pública,2º ano,39649,4664,34985,11.76,2866.8,55.99,56.5,Alto,Q3,Q1 (mais baixo),Q1 (mais baixo)
2021,1,2021-S1,2021-06-01,Sul,PR,Paraná,41,Londrina,Privada,3º ano,33665,1375,32290,4.08,1708.56,56.44,55.8,Médio,Q1 (mais baixo),Q1 (mais baixo),Q1 (mais baixo)
2021,1,2021-S1,2021-06-01,Sul,SC,Santa Catarina,42,Florianópolis,Pública,1º ano,19711,2188,17523,11.1,2606.87,84.68,69.0,Alto,Q2,Q4 (mais alto),Q2
2021,1,2021-S1,2021-06-01,Sul,SC,Santa Catarina,42,Florianópolis,Privada,3º ano,1270,116,1154,9.13,3729.07,36.67,62.1,Alto,Q4 (mais alto),Q1 (mais baixo),Q2
2021,1,2021-S1,2021-06-01,Sul,SC,Santa Catarina,42,Joinville,Pública,1º ano,35095,3411,31684,9.72,3910.28,58.45,60.4,Alto,Q4 (mais alto),Q2,Q2
2021,1,2021-S1,2021-06-01,Sul,SC,Santa Catarina,42,Joinville,Privada,1º ano,5241,75,5166,1.43,2790.95,46.65,59.7,Baixo,Q2,Q1 (mais baixo),Q2
2021,1,2021-S1,2021-06-01,Sul,RS,Rio Grande do Sul,43,Porto Alegre,Pública,2º ano,44666,4488,40178,10.05,3246.35,68.51,79.7,Alto,Q3,Q3,Q3
2021,1,2021-S1,2021-06-01,Sul,RS,Rio Grande do Sul,43,Porto Alegre,Privada,1º ano,38076,1171,36905,3.08,3358.72,85.04,47.3,Baixo,Q4 (mais alto),Q4 (mais alto),Q1 (mais baixo)
2021,1,2021-S1,2021-06-01,Sul,RS,Rio Grande do Sul,43,Caxias do Sul,Pública,2º ano,30606,2802,27804,9.16,3641.29,64.94,77.4,Alto,Q4 (mais alto),Q3,Q3
2021,1,2021-S1,2021-06-01,Sul,RS,Rio Grande do Sul,43,Caxias do Sul,Privada,3º ano,29979,1780,28199,5.94,2982.95,81.66,91.2,Médio,Q3,Q4 (mais alto),Q4 (mais alto)
2021,2,2021-S2,2021-12-01,Norte,AM,Amazonas,13,Manaus,Pública,1º ano,41924,5625,36299,13.42,3670.98,56.63,54.6,Crítico,Q4 (mais alto),Q1 (mais baixo),Q1 (mais baixo)
2021,2,2021-S2,2021-12-01,Norte,AM,Amazonas,13,Manaus,Privada,2º ano,17872,445,17427,2.49,2519.08,56.36,94.4,Baixo,Q2,Q1 (mais baixo),Q4 (mais alto)
2021,2,2021-S2,2021-12-01,Norte,PA,Pará,15,Belém,Pública,1º ano,993,85,908,8.56,4125.76,60.15,94.1,Alto,Q4 (mais alto),Q2,Q4 (mais alto)
2021,2,2021-S2,2021-12-01,Norte,PA,Pará,15,Belém,Privada,2º ano,10979,276,10703,2.51,3345.52,75.94,94.4,Baixo,Q4 (mais alto),Q4 (mais alto),Q4 (mais alto)
2021,2,2021-S2,2021-12-01,Norte,PA,Pará,15,Santarém,Pública,3º ano,8007,839,7168,10.48,2653.07,77.54,69.6,Alto,Q2,Q4 (mais alto),Q2
2021,2,2021-S2,2021-12-01,Norte,PA,Pará,15,Santarém,Privada,2º ano,14319,320,13999,2.23,1837.62,36.68,46.9,Baixo,Q1 (mais baixo),Q1 (mais baixo),Q1 (mais baixo)
2021,2,2021-S2,2021-12-01,Norte,RO,Rondônia,11,Porto Velho,Pública,3º ano,40798,3819,36979,9.36,1908.9,61.98,55.2,Alto,Q1 (mais baixo),Q2,Q1 (mais baixo)
2021,2,2021-S2,2021-12-01,Norte,RO,Rondônia,11,Porto Velho,Privada,1º ano,19771,663,19108,3.35,1952.95,68.06,65.4,Baixo,Q1 (mais baixo),Q3,Q2
2021,2,2021-S2,2021-12-01,Norte,TO,Tocantins,17,Palmas,Pública,2º ano,7375,768,6607,10.41,3070.42,59.95,50.8,Alto,Q3,Q2,Q1 (mais baixo)
2021,2,2021-S2,2021-12-01,Norte,TO,Tocantins,17,Palmas,Privada,3º ano,46727,994,45733,2.13,1714.71,83.65,88.9,Baixo,Q1 (mais baixo),Q4 (mais alto),Q4 (mais alto)
2021,2,2021-S2,2021-12-01,Nordeste,BA,Bahia,29,Salvador,Pública,2º ano,35003,3891,31112,11.12,2649.7,50.88,69.0,Alto,Q2,Q1 (mais baixo),Q2
2021,2,2021-S2,2021-12-01,Nordeste,BA,Bahia,29,Salvador,Privada,3º ano,19165,1017,18148,5.31,3046.33,58.0,61.6,Médio,Q3,Q2,Q2
2021,2,2021-S2,2021-12-01,Nordeste,BA,Bahia,29,Feira de Santana,Pública,1º ano,8633,1136,7497,13.16,2900.17,62.08,77.5,Crítico,Q3,Q2,Q3
2021,2,2021-S2,2021-12-01,Nordeste,BA,Bahia,29,Feira de Santana,Privada,2º ano,38455,870,37585,2.26,2705.56,70.47,73.4,Baixo,Q2,Q3,Q3
2021,2,2021-S2,2021-12-01,Nordeste,PE,Pernambuco,26,Recife,Pública,1º ano,7112,698,6414,9.81,2716.21,72.88,79.3,Alto,Q2,Q4 (mais alto),Q3
2021,2,2021-S2,2021-12-01,Nordeste,PE,Pernambuco,26,Recife,Privada,1º ano,27950,1166,26784,4.17,1615.34,38.44,75.2,Médio,Q1 (mais baixo),Q1 (mais baixo),Q3
2021,2,2021-S2,2021-12-01,Nordeste,PE,Pernambuco,26,Jaboatão dos Guararapes,Pública,3º ano,40218,3434,36784,8.54,1982.87,64.78,58.2,Alto,Q1 (mais baixo),Q3,Q2
2021,2,2021-S2,2021-12-01,Nordeste,PE,Pernambuco,26,Jaboatão dos Guararapes,Privada,3º ano,28769,1868,26901,6.49,2901.18,61.12,73.3,Médio,Q3,Q2,Q3
2021,2,2021-S2,2021-12-01,Nordeste,CE,Ceará,23,Fortaleza,Pública,2º ano,14601,1595,13006,10.92,3028.86,76.72,45.5,Alto,Q3,Q4 (mais alto),Q1 (mais baixo)
2021,2,2021-S2,2021-12-01,Nordeste,CE,Ceará,23,Fortaleza,Privada,1º ano,9094,410,8684,4.51,2903.53,69.21,74.6,Médio,Q3,Q3,Q3
2021,2,2021-S2,2021-12-01,Nordeste,CE,Ceará,23,Juazeiro do Norte,Pública,2º ano,30868,3857,27011,12.5,3885.1,54.94,70.6,Alto,Q4 (mais alto),Q1 (mais baixo),Q3
2021,2,2021-S2,2021-12-01,Nordeste,CE,Ceará,23,Juazeiro do Norte,Privada,3º ano,35360,176,35184,0.5,2658.85,86.99,85.7,Baixo,Q2,Q4 (mais alto),Q4 (mais alto)
2021,2,2021-S2,2021-12-01,Nordeste,MA,Maranhão,21,São Luís,Pública,1º ano,9014,829,8185,9.2,3378.44,69.11,56.9,Alto,Q4 (mais alto),Q3,Q1 (mais baixo)
2021,2,2021-S2,2021-12-01,Nordeste,MA,Maranhão,21,São Luís,Privada,2º ano,27259,1195,26064,4.38,2873.85,54.54,57.7,Médio,Q3,Q1 (mais baixo),Q2
2021,2,2021-S2,2021-12-01,Nordeste,PB,Paraíba,25,João Pessoa,Pública,2º ano,38851,4126,34725,10.62,1523.76,53.21,88.6,Alto,Q1 (mais baixo),Q1 (mais baixo),Q4 (mais alto)
2021,2,2021-S2,2021-12-01,Nordeste,PB,Paraíba,25,João Pessoa,Privada,2º ano,17226,1176,16050,6.83,3272.03,70.3,88.4,Médio,Q3,Q3,Q4 (mais alto)
2021,2,2021-S2,2021-12-01,Centro-Oeste,DF,Distrito Federal,53,Brasília,Pública,2º ano,7656,452,7204,5.9,3185.39,70.01,89.9,Médio,Q3,Q3,Q4 (mais alto)
2021,2,2021-S2,2021-12-01,Centro-Oeste,DF,Distrito Federal,53,Brasília,Privada,1º ano,4500,285,4215,6.33,3034.3,70.57,81.4,Médio,Q3,Q3,Q3
2021,2,2021-S2,2021-12-01,Centro-Oeste,GO,Goiás,52,Goiânia,Pública,1º ano,18647,2276,16371,12.21,2896.36,68.47,71.0,Alto,Q3,Q3,Q3
2021,2,2021-S2,2021-12-01,Centro-Oeste,GO,Goiás,52,Goiânia,Privada,3º ano,5085,57,5028,1.12,3292.78,71.26,53.5,Baixo,Q4 (mais alto),Q3,Q1 (mais baixo)
2021,2,2021-S2,2021-12-01,Centro-Oeste,GO,Goiás,52,Aparecida de Goiânia,Pública,1º ano,49759,3108,46651,6.25,2190.28,82.11,86.6,Médio,Q1 (mais baixo),Q4 (mais alto),Q4 (mais alto)
2021,2,2021-S2,2021-12-01,Centro-Oeste,GO,Goiás,52,Aparecida de Goiânia,Privada,1º ano,3593,216,3377,6.01,3955.96,74.25,77.6,Médio,Q4 (mais alto),Q4 (mais alto),Q3
2021,2,2021-S2,2021-12-01,Centro-Oeste,MT,Mato Grosso,51,Cuiabá,Pública,1º ano,39023,4925,34098,12.62,3016.7,77.23,66.0,Alto,Q3,Q4 (mais alto),Q2
2021,2,2021-S2,2021-12-01,Centro-Oeste,MT,Mato Grosso,51,Cuiabá,Privada,3º ano,37018,2665,34353,7.2,2263.89,80.15,61.6,Médio,Q1 (mais baixo),Q4 (mais alto),Q2
2021,2,2021-S2,2021-12-01,Centro-Oeste,MS,Mato Grosso do Sul,50,Campo Grande,Pública,3º ano,4221,422,3799,10.0,3123.7,83.96,71.6,Alto,Q3,Q4 (mais alto),Q3
2021,2,2021-S2,2021-12-01,Centro-Oeste,MS,Mato Grosso do Sul,50,Campo Grande,Privada,2º ano,20311,493,19818,2.43,3061.04,74.97,70.9,Baixo,Q3,Q4 (mais alto),Q3
2021,2,2021-S2,2021-12-01,Sudeste,SP,São Paulo,35,São Paulo,Pública,2º ano,3067,244,2823,7.96,3727.42,37.69,50.3,Médio,Q4 (mais alto),Q1 (mais baixo),Q1 (mais baixo)
2021,2,2021-S2,2021-12-01,Sudeste,SP,São Paulo,35,São Paulo,Privada,1º ano,37667,211,37456,0.56,3676.65,58.68,85.1,Baixo,Q4 (mais alto),Q2,Q4 (mais alto)
2021,2,2021-S2,2021-12-01,Sudeste,SP,São Paulo,35,Campinas,Pública,2º ano,28239,2486,25753,8.8,2778.06,55.91,69.8,Alto,Q2,Q1 (mais baixo),Q2
2021,2,2021-S2,2021-12-01,Sudeste,SP,São Paulo,35,Campinas,Privada,3º ano,6152,467,5685,7.59,2246.98,81.54,60.7,Médio,Q1 (mais baixo),Q4 (mais alto),Q2
2021,2,2021-S2,2021-12-01,Sudeste,SP,São Paulo,35,Ribeirão Preto,Pública,1º ano,48074,6089,41985,12.67,2642.36,80.59,61.4,Alto,Q2,Q4 (mais alto),Q2
2021,2,2021-S2,2021-12-01,Sudeste,SP,São Paulo,35,Ribeirão Preto,Privada,3º ano,36393,2562,33831,7.04,2307.85,70.58,47.0,Médio,Q1 (mais baixo),Q3,Q1 (mais baixo)
2021,2,2021-S2,2021-12-01,Sudeste,RJ,Rio de Janeiro,33,Rio de Janeiro,Pública,1º ano,39446,2814,36632,7.13,3086.01,63.27,58.8,Médio,Q3,Q2,Q2
2021,2,2021-S2,2021-12-01,Sudeste,RJ,Rio de Janeiro,33,Rio de Janeiro,Privada,1º ano,38520,944,37576,2.45,1969.38,68.23,71.2,Baixo,Q1 (mais baixo),Q3,Q3
2021,2,2021-S2,2021-12-01,Sudeste,RJ,Rio de Janeiro,33,Niterói,Pública,1º ano,41101,3614,37487,8.79,3564.58,77.96,68.8,Alto,Q4 (mais alto),Q4 (mais alto),Q2
2021,2,2021-S2,2021-12-01,Sudeste,RJ,Rio de Janeiro,33,Niterói,Privada,2º ano,3949,289,3660,7.32,2275.45,76.94,71.0,Médio,Q1 (mais baixo),Q4 (mais alto),Q3
2021,2,2021-S2,2021-12-01,Sudeste,RJ,Rio de Janeiro,33,Nova Iguaçu,Pública,2º ano,6835,673,6162,9.85,2994.07,63.04,66.8,Alto,Q3,Q2,Q2
2021,2,2021-S2,2021-12-01,Sudeste,RJ,Rio de Janeiro,33,Nova Iguaçu,Privada,1º ano,47978,1292,46686,2.69,3266.81,96.85,74.5,Baixo,Q3,Q4 (mais alto),Q3
2021,2,2021-S2,2021-12-01,Sudeste,RJ,Rio de Janeiro,33,Petrópolis,Pública,1º ano,36076,4705,31371,13.04,1862.77,73.44,82.9,Crítico,Q1 (mais baixo),Q4 (mais alto),Q4 (mais alto)
2021,2,2021-S2,2021-12-01,Sudeste,RJ,Rio de Janeiro,33,Petrópolis,Privada,1º ano,27924,900,27024,3.22,2603.79,75.68,52.9,Baixo,Q2,Q4 (mais alto),Q1 (mais baixo)
2021,2,2021-S2,2021-12-01,Sudeste,MG,Minas Gerais,31,Belo Horizonte,Pública,1º ano,49800,4571,45229,9.18,3620.64,52.48,87.3,Alto,Q4 (mais alto),Q1 (mais baixo),Q4 (mais alto)
2021,2,2021-S2,2021-12-01,Sudeste,MG,Minas Gerais,31,Belo Horizonte,Privada,1º ano,29828,764,29064,2.56,2816.39,74.69,80.4,Baixo,Q2,Q4 (mais alto),Q3
2021,2,2021-S2,2021-12-01,Sudeste,MG,Minas Gerais,31,Uberlândia,Pública,1º ano,23094,1957,21137,8.47,3689.1,60.42,83.7,Alto,Q4 (mais alto),Q2,Q4 (mais alto)
2021,2,2021-S2,2021-12-01,Sudeste,MG,Minas Gerais,31,Uberlândia,Privada,2º ano,23073,966,22107,4.19,3653.46,61.01,68.8,Médio,Q4 (mais alto),Q2,Q2
2021,2,2021-S2,2021-12-01,Sudeste,MG,Minas Gerais,31,Juiz de Fora,Pública,1º ano,5288,448,4840,8.47,3517.65,73.96,79.1,Alto,Q4 (mais alto),Q4 (mais alto),Q3
2021,2,2021-S2,2021-12-01,Sudeste,MG,Minas Gerais,31,Juiz de Fora,Privada,3º ano,6251,60,6191,0.96,2631.68,59.57,91.5,Baixo,Q2,Q2,Q4 (mais alto)
2021,2,2021-S2,2021-12-01,Sudeste,ES,Espírito Santo,32,Vitória,Pública,1º ano,24543,2800,21743,11.41,2831.88,53.69,50.3,Alto,Q3,Q1 (mais baixo),Q1 (mais baixo)
2021,2,2021-S2,2021-12-01,Sudeste,ES,Espírito Santo,32,Vitória,Privada,2º ano,38513,823,37690,2.14,2491.53,82.56,49.7,Baixo,Q2,Q4 (mais alto),Q1 (mais baixo)
2021,2,2021-S2,2021-12-01,Sudeste,ES,Espírito Santo,32,Vila Velha,Pública,1º ano,30053,3315,26738,11.03,3245.7,60.65,86.0,Alto,Q3,Q2,Q4 (mais alto)
2021,2,2021-S2,2021-12-01,Sudeste,ES,Espírito Santo,32,Vila Velha,Privada,2º ano,47416,3013,44403,6.35,2591.55,57.19,66.3,Médio,Q2,Q2,Q2
2021,2,2021-S2,2021-12-01,Sudeste,ES,Espírito Santo,32,Serra,Pública,1º ano,7895,758,7137,9.6,3112.68,92.4,71.3,Alto,Q3,Q4 (mais alto),Q3
2021,2,2021-S2,2021-12-01,Sudeste,ES,Espírito Santo,32,Serra,Privada,2º ano,13186,393,12793,2.98,2932.07,76.39,57.3,Baixo,Q3,Q4 (mais alto),Q2
2021,2,2021-S2,2021-12-01,Sul,PR,Paraná,41,Curitiba,Pública,1º ano,4379,466,3913,10.64,3854.65,75.92,69.2,Alto,Q4 (mais alto),Q4 (mais alto),Q2
2021,2,2021-S2,2021-12-01,Sul,PR,Paraná,41,Curitiba,Privada,2º ano,11857,595,11262,5.02,3119.16,67.15,94.1,Médio,Q3,Q3,Q4 (mais alto)
2021,2,2021-S2,2021-12-01,Sul,PR,Paraná,41,Londrina,Pública,3º ano,15452,1225,14227,7.93,2943.64,49.75,80.7,Médio,Q3,Q1 (mais baixo),Q3
2021,2,2021-S2,2021-12-01,Sul,PR,Paraná,41,Londrina,Privada,2º ano,45697,3235,42462,7.08,4030.78,68.73,54.4,Médio,Q4 (mais alto),Q3,Q1 (mais baixo)
2021,2,2021-S2,2021-12-01,Sul,SC,Santa Catarina,42,Florianópolis,Pública,3º ano,32806,2624,30182,8.0,3089.58,59.86,65.4,Alto,Q3,Q2,Q2
2021,2,2021-S2,2021-12-01,Sul,SC,Santa Catarina,42,Florianópolis,Privada,1º ano,24061,1194,22867,4.96,3530.72,62.47,51.6,Médio,Q4 (mais alto),Q2,Q1 (mais baixo)
2021,2,2021-S2,2021-12-01,Sul,SC,Santa Catarina,42,Joinville,Pública,1º ano,7132,997,6135,13.98,2405.34,72.94,69.3,Crítico,Q2,Q4 (mais alto),Q2
2021,2,2021-S2,2021-12-01,Sul,SC,Santa Catarina,42,Joinville,Privada,2º ano,19048,1254,17794,6.58,2019.1,66.96,76.2,Médio,Q1 (mais baixo),Q3,Q3
2021,2,2021-S2,2021-12-01,Sul,RS,Rio Grande do Sul,43,Porto Alegre,Pública,1º ano,22577,2499,20078,11.07,2226.14,74.24,50.1,Alto,Q1 (mais baixo),Q4 (mais alto),Q1 (mais baixo)
2021,2,2021-S2,2021-12-01,Sul,RS,Rio Grande do Sul,43,Porto Alegre,Privada,1º ano,39906,1437,38469,3.6,3107.59,71.73,63.4,Baixo,Q3,Q3,Q2
2021,2,2021-S2,2021-12-01,Sul,RS,Rio Grande do Sul,43,Caxias do Sul,Pública,3º ano,19067,2139,16928,11.22,2659.95,53.4,66.9,Alto,Q2,Q1 (mais baixo),Q2
2021,2,2021-S2,2021-12-01,Sul,RS,Rio Grande do Sul,43,Caxias do Sul,Privada,2º ano,27085,267,26818,0.99,2983.26,81.91,56.8,Baixo,Q3,Q4 (mais alto),Q1 (mais baixo)
2022,1,2022-S1,2022-06-01,Norte,AM,Amazonas,13,Manaus,Pública,2º ano,43607,3589,40018,8.23,3768.66,57.02,79.1,Alto,Q4 (mais alto),Q2,Q3
2022,1,2022-S1,2022-06-01,Norte,AM,Amazonas,13,Manaus,Privada,2º ano,27472,1652,25820,6.01,3151.01,56.58,55.1,Médio,Q3,Q1 (mais baixo),Q1 (mais baixo)
2022,1,2022-S1,2022-06-01,Norte,PA,Pará,15,Belém,Pública,1º ano,26045,2838,23207,10.9,2266.73,63.89,86.8,Alto,Q1 (mais baixo),Q2,Q4 (mais alto)
2022,1,2022-S1,2022-06-01,Norte,PA,Pará,15,Belém,Privada,3º ano,42920,2344,40576,5.46,2380.64,69.9,52.2,Médio,Q2,Q3,Q1 (mais baixo)
2022,1,2022-S1,2022-06-01,Norte,PA,Pará,15,Santarém,Pública,1º ano,35305,4133,31172,11.71,2714.11,76.21,83.5,Alto,Q2,Q4 (mais alto),Q4 (mais alto)
2022,1,2022-S1,2022-06-01,Norte,PA,Pará,15,Santarém,Privada,3º ano,27769,138,27631,0.5,2314.93,74.07,93.8,Baixo,Q1 (mais baixo),Q4 (mais alto),Q4 (mais alto)
2022,1,2022-S1,2022-06-01,Norte,RO,Rondônia,11,Porto Velho,Pública,2º ano,28853,3675,25178,12.74,2614.25,59.23,62.1,Alto,Q2,Q2,Q2
2022,1,2022-S1,2022-06-01,Norte,RO,Rondônia,11,Porto Velho,Privada,2º ano,29334,1022,28312,3.48,3326.51,53.59,48.7,Baixo,Q4 (mais alto),Q1 (mais baixo),Q1 (mais baixo)
2022,1,2022-S1,2022-06-01,Norte,TO,Tocantins,17,Palmas,Pública,3º ano,36032,4307,31725,11.95,3935.38,81.04,58.9,Alto,Q4 (mais alto),Q4 (mais alto),Q2
2022,1,2022-S1,2022-06-01,Norte,TO,Tocantins,17,Palmas,Privada,2º ano,28633,1137,27496,3.97,2331.04,54.51,60.8,Baixo,Q1 (mais baixo),Q1 (mais baixo),Q2
2022,1,2022-S1,2022-06-01,Nordeste,BA,Bahia,29,Salvador,Pública,3º ano,2733,397,2336,14.53,3608.15,82.52,70.5,Crítico,Q4 (mais alto),Q4 (mais alto),Q3
2022,1,2022-S1,2022-06-01,Nordeste,BA,Bahia,29,Salvador,Privada,1º ano,26654,546,26108,2.05,2509.73,71.12,87.8,Baixo,Q2,Q3,Q4 (mais alto)
2022,1,2022-S1,2022-06-01,Nordeste,BA,Bahia,29,Feira de Santana,Pública,2º ano,30024,3089,26935,10.29,2040.72,77.36,77.4,Alto,Q1 (mais baixo),Q4 (mais alto),Q3
2022,1,2022-S1,2022-06-01,Nordeste,BA,Bahia,29,Feira de Santana,Privada,3º ano,37362,2086,35276,5.58,3560.15,47.61,66.6,Médio,Q4 (mais alto),Q1 (mais baixo),Q2
2022,1,2022-S1,2022-06-01,Nordeste,PE,Pernambuco,26,Recife,Pública,2º ano,31445,3460,27985,11.0,2297.21,72.81,53.0,Alto,Q1 (mais baixo),Q4 (mais alto),Q1 (mais baixo)
2022,1,2022-S1,2022-06-01,Nordeste,PE,Pernambuco,26,Recife,Privada,2º ano,33114,187,32927,0.56,2625.31,67.58,49.0,Baixo,Q2,Q3,Q1 (mais baixo)
2022,1,2022-S1,2022-06-01,Nordeste,PE,Pernambuco,26,Jaboatão dos Guararapes,Pública,2º ano,15020,1469,13551,9.78,2200.77,61.76,79.7,Alto,Q1 (mais baixo),Q2,Q3
2022,1,2022-S1,2022-06-01,Nordeste,PE,Pernambuco,26,Jaboatão dos Guararapes,Privada,3º ano,39260,1709,37551,4.35,3901.15,74.84,87.5,Médio,Q4 (mais alto),Q4 (mais alto),Q4 (mais alto)
2022,1,2022-S1,2022-06-01,Nordeste,CE,Ceará,23,Fortaleza,Pública,3º ano,49227,4716,44511,9.58,2994.39,63.73,56.4,Alto,Q3,Q2,Q1 (mais baixo)
2022,1,2022-S1,2022-06-01,Nordeste,CE,Ceará,23,Fortaleza,Privada,1º ano,39176,373,38803,0.95,1650.53,81.2,86.0,Baixo,Q1 (mais baixo),Q4 (mais alto),Q4 (mais alto)
2022,1,2022-S1,2022-06-01,Nordeste,CE,Ceará,23,Juazeiro do Norte,Pública,2º ano,14074,1183,12891,8.41,2835.55,51.05,86.7,Alto,Q3,Q1 (mais baixo),Q4 (mais alto)
2022,1,2022-S1,2022-06-01,Nordeste,CE,Ceará,23,Juazeiro do Norte,Privada,1º ano,27809,453,27356,1.63,2584.43,62.54,48.3,Baixo,Q2,Q2,Q1 (mais baixo)
2022,1,2022-S1,2022-06-01,Nordeste,MA,Maranhão,21,São Luís,Pública,3º ano,17389,1589,15800,9.14,3102.47,72.55,49.9,Alto,Q3,Q4 (mais alto),Q1 (mais baixo)
2022,1,2022-S1,2022-06-01,Nordeste,MA,Maranhão,21,São Luís,Privada,2º ano,18760,484,18276,2.58,1665.32,72.25,56.6,Baixo,Q1 (mais baixo),Q3,Q1 (mais baixo)
2022,1,2022-S1,2022-06-01,Nordeste,PB,Paraíba,25,João Pessoa,Pública,2º ano,30200,4312,25888,14.28,4375.1,73.2,86.0,Crítico,Q4 (mais alto),Q4 (mais alto),Q4 (mais alto)
2022,1,2022-S1,2022-06-01,Nordeste,PB,Paraíba,25,João Pessoa,Privada,1º ano,39811,1270,38541,3.19,1931.43,78.88,93.3,Baixo,Q1 (mais baixo),Q4 (mais alto),Q4 (mais alto)
2022,1,2022-S1,2022-06-01,Centro-Oeste,DF,Distrito Federal,53,Brasília,Pública,3º ano,39944,4000,35944,10.01,3185.15,59.17,78.2,Alto,Q3,Q2,Q3
2022,1,2022-S1,2022-06-01,Centro-Oeste,DF,Distrito Federal,53,Brasília,Privada,1º ano,978,50,928,5.11,1196.13,86.84,58.1,Médio,Q1 (mais baixo),Q4 (mais alto),Q2
2022,1,2022-S1,2022-06-01,Centro-Oeste,GO,Goiás,52,Goiânia,Pública,2º ano,12526,1170,11356,9.34,1211.39,70.26,58.7,Alto,Q1 (mais baixo),Q3,Q2
2022,1,2022-S1,2022-06-01,Centro-Oeste,GO,Goiás,52,Goiânia,Privada,3º ano,26099,1833,24266,7.02,2742.21,69.58,90.8,Médio,Q2,Q3,Q4 (mais alto)
2022,1,2022-S1,2022-06-01,Centro-Oeste,GO,Goiás,52,Aparecida de Goiânia,Pública,3º ano,35387,3239,32148,9.15,2896.02,54.57,92.9,Alto,Q3,Q1 (mais baixo),Q4 (mais alto)
2022,1,2022-S1,2022-06-01,Centro-Oeste,GO,Goiás,52,Aparecida de Goiânia,Privada,2º ano,15663,992,14671,6.33,3455.61,58.08,53.3,Médio,Q4 (mais alto),Q2,Q1 (mais baixo)
2022,1,2022-S1,2022-06-01,Centro-Oeste,MT,Mato Grosso,51,Cuiabá,Pública,1º ano,13885,1772,12113,12.76,2393.9,69.68,87.9,Alto,Q2,Q3,Q4 (mais alto)
2022,1,2022-S1,2022-06-01,Centro-Oeste,MT,Mato Grosso,51,Cuiabá,Privada,3º ano,33197,548,32649,1.65,3025.75,76.5,58.1,Baixo,Q3,Q4 (mais alto),Q2
2022,1,2022-S1,2022-06-01,Centro-Oeste,MS,Mato Grosso do Sul,50,Campo Grande,Pública,1º ano,9229,1188,8041,12.87,2088.34,41.39,56.5,Alto,Q1 (mais baixo),Q1 (mais baixo),Q1 (mais baixo)
2022,1,2022-S1,2022-06-01,Centro-Oeste,MS,Mato Grosso do Sul,50,Campo Grande,Privada,2º ano,5705,200,5505,3.51,2760.54,60.11,69.4,Baixo,Q2,Q2,Q2
2022,1,2022-S1,2022-06-01,Sudeste,SP,São Paulo,35,São Paulo,Pública,3º ano,27533,2474,25059,8.99,2224.8,48.83,61.2,Alto,Q1 (mais baixo),Q1 (mais baixo),Q2
2022,1,2022-S1,2022-06-01,Sudeste,SP,São Paulo,35,São Paulo,Privada,2º ano,2667,24,2643,0.9,3671.42,48.38,59.9,Baixo,Q4 (mais alto),Q1 (mais baixo),Q2
2022,1,2022-S1,2022-06-01,Sudeste,SP,São Paulo,35,Campinas,Pública,3º ano,20754,2229,18525,10.74,2784.19,73.67,82.4,Alto,Q2,Q4 (mais alto),Q4 (mais alto)
2022,1,2022-S1,2022-06-01,Sudeste,SP,São Paulo,35,Campinas,Privada,1º ano,40175,2314,37861,5.76,1875.86,48.21,58.0,Médio,Q1 (mais baixo),Q1 (mais baixo),Q2
2022,1,2022-S1,2022-06-01,Sudeste,SP,São Paulo,35,Ribeirão Preto,Pública,3º ano,27194,2619,24575,9.63,3515.34,61.66,80.6,Alto,Q4 (mais alto),Q2,Q3
2022,1,2022-S1,2022-06-01,Sudeste,SP,São Paulo,35,Ribeirão Preto,Privada,1º ano,16964,330,16634,1.95,2674.46,55.24,75.4,Baixo,Q2,Q1 (mais baixo),Q3
2022,1,2022-S1,2022-06-01,Sudeste,RJ,Rio de Janeiro,33,Rio de Janeiro,Pública,1º ano,49518,4307,45211,8.7,3563.92,71.46,59.1,Alto,Q4 (mais alto),Q3,Q2
2022,1,2022-S1,2022-06-01,Sudeste,RJ,Rio de Janeiro,33,Rio de Janeiro,Privada,2º ano,18620,539,18081,2.89,3415.33,63.33,67.7,Baixo,Q4 (mais alto),Q2,Q2
2022,1,2022-S1,2022-06-01,Sudeste,RJ,Rio de Janeiro,33,Niterói,Pública,1º ano,16241,1840,14401,11.33,1660.63,100.0,62.4,Alto,Q1 (mais baixo),Q4 (mais alto),Q2
2022,1,2022-S1,2022-06-01,Sudeste,RJ,Rio de Janeiro,33,Niterói,Privada,3º ano,5129,126,5003,2.46,2923.96,95.51,66.4,Baixo,Q3,Q4 (mais alto),Q2
2022,1,2022-S1,2022-06-01,Sudeste,RJ,Rio de Janeiro,33,Nova Iguaçu,Pública,3º ano,2969,331,2638,11.15,2998.78,73.5,47.5,Alto,Q3,Q4 (mais alto),Q1 (mais baixo)
2022,1,2022-S1,2022-06-01,Sudeste,RJ,Rio de Janeiro,33,Nova Iguaçu,Privada,3º ano,12955,524,12431,4.04,3167.37,50.12,87.9,Médio,Q3,Q1 (mais baixo),Q4 (mais alto)
2022,1,2022-S1,2022-06-01,Sudeste,RJ,Rio de Janeiro,33,Petrópolis,Pública,1º ano,2811,331,2480,11.78,2668.74,61.21,67.5,Alto,Q2,Q2,Q2
2022,1,2022-S1,2022-06-01,Sudeste,RJ,Rio de Janeiro,33,Petrópolis,Privada,3º ano,36648,2547,34101,6.95,4124.63,57.16,53.1,Médio,Q4 (mais alto),Q2,Q1 (mais baixo)
2022,1,2022-S1,2022-06-01,Sudeste,MG,Minas Gerais,31,Belo Horizonte,Pública,2º ano,9351,1225,8126,13.1,3183.95,69.65,61.3,Crítico,Q3,Q3,Q2
2022,1,2022-S1,2022-06-01,Sudeste,MG,Minas Gerais,31,Belo Horizonte,Privada,2º ano,49214,2172,47042,4.41,3378.66,81.77,83.9,Médio,Q4 (mais alto),Q4 (mais alto),Q4 (mais alto)
2022,1,2022-S1,2022-06-01,Sudeste,MG,Minas Gerais,31,Uberlândia,Pública,3º ano,28071,2834,25237,10.1,2498.54,49.87,67.0,Alto,Q2,Q1 (mais baixo),Q2
2022,1,2022-S1,2022-06-01,Sudeste,MG,Minas Gerais,31,Uberlândia,Privada,2º ano,7044,220,6824,3.12,1384.36,76.49,75.3,Baixo,Q1 (mais baixo),Q4 (mais alto),Q3
2022,1,2022-S1,2022-06-01,Sudeste,MG,Minas Gerais,31,Juiz de Fora,Pública,1º ano,43167,4601,38566,10.66,3701.76,72.96,47.3,Alto,Q4 (mais alto),Q4 (mais alto),Q1 (mais baixo)
2022,1,2022-S1,2022-06-01,Sudeste,MG,Minas Gerais,31,Juiz de Fora,Privada,2º ano,27068,1860,25208,6.87,1619.2,56.68,80.2,Médio,Q1 (mais baixo),Q2,Q3
2022,1,2022-S1,2022-06-01,Sudeste,ES,Espírito Santo,32,Vitória,Pública,2º ano,33492,4211,29281,12.57,3159.86,66.41,93.0,Alto,Q3,Q3,Q4 (mais alto)
2022,1,2022-S1,2022-06-01,Sudeste,ES,Espírito Santo,32,Vitória,Privada,2º ano,27935,1279,26656,4.58,2430.75,67.34,71.6,Médio,Q2,Q3,Q3
2022,1,2022-S1,2022-06-01,Sudeste,ES,Espírito Santo,32,Vila Velha,Pública,3º ano,47390,3889,43501,8.21,2274.65,63.7,66.1,Alto,Q1 (mais baixo),Q2,Q2
2022,1,2022-S1,2022-06-01,Sudeste,ES,Espírito Santo,32,Vila Velha,Privada,2º ano,41959,1962,39997,4.68,2059.44,52.93,94.9,Médio,Q1 (mais baixo),Q1 (mais baixo),Q4 (mais alto)
2022,1,2022-S1,2022-06-01,Sudeste,ES,Espírito Santo,32,Serra,Pública,2º ano,38508,3447,35061,8.95,2681.92,67.0,66.7,Alto,Q2,Q3,Q2
2022,1,2022-S1,2022-06-01,Sudeste,ES,Espírito Santo,32,Serra,Privada,2º ano,29981,2475,27506,8.26,2923.89,80.14,45.4,Alto,Q3,Q4 (mais alto),Q1 (mais baixo)
2022,1,2022-S1,2022-06-01,Sul,PR,Paraná,41,Curitiba,Pública,1º ano,21658,2197,19461,10.14,2274.86,72.34,74.7,Alto,Q1 (mais baixo),Q3,Q3
2022,1,2022-S1,2022-06-01,Sul,PR,Paraná,41,Curitiba,Privada,2º ano,6773,347,6426,5.12,1994.4,67.76,72.9,Médio,Q1 (mais baixo),Q3,Q3
2022,1,2022-S1,2022-06-01,Sul,PR,Paraná,41,Londrina,Pública,1º ano,45753,4919,40834,10.75,4580.57,44.65,66.1,Alto,Q4 (mais alto),Q1 (mais baixo),Q2
2022,1,2022-S1,2022-06-01,Sul,PR,Paraná,41,Londrina,Privada,2º ano,46669,954,45715,2.04,2900.48,63.28,67.5,Baixo,Q3,Q2,Q2
2022,1,2022-S1,2022-06-01,Sul,SC,Santa Catarina,42,Florianópolis,Pública,2º ano,19237,1917,17320,9.97,2899.26,38.11,54.1,Alto,Q3,Q1 (mais baixo),Q1 (mais baixo)
2022,1,2022-S1,2022-06-01,Sul,SC,Santa Catarina,42,Florianópolis,Privada,2º ano,47906,1409,46497,2.94,4345.64,71.88,83.8,Baixo,Q4 (mais alto),Q3,Q4 (mais alto)
2022,1,2022-S1,2022-06-01,Sul,SC,Santa Catarina,42,Joinville,Pública,3º ano,11522,1611,9911,13.98,1552.05,78.69,50.3,Crítico,Q1 (mais baixo),Q4 (mais alto),Q1 (mais baixo)
2022,1,2022-S1,2022-06-01,Sul,SC,Santa Catarina,42,Joinville,Privada,1º ano,29092,1310,27782,4.5,2874.25,77.41,56.7,Médio,Q3,Q4 (mais alto),Q1 (mais baixo)
2022,1,2022-S1,2022-06-01,Sul,RS,Rio Grande do Sul,43,Porto Alegre,Pública,3º ano,48692,4822,43870,9.9,2361.58,75.27,86.1,Alto,Q2,Q4 (mais alto),Q4 (mais alto)
2022,1,2022-S1,2022-06-01,Sul,RS,Rio Grande do Sul,43,Porto Alegre,Privada,3º ano,9855,537,9318,5.45,2061.03,68.04,75.4,Médio,Q1 (mais baixo),Q3,Q3
2022,1,2022-S1,2022-06-01,Sul,RS,Rio Grande do Sul,43,Caxias do Sul,Pública,3º ano,45207,5872,39335,12.99,3263.72,80.6,72.4,Alto,Q3,Q4 (mais alto),Q3
2022,1,2022-S1,2022-06-01,Sul,RS,Rio Grande do Sul,43,Caxias do Sul,Privada,1º ano,49453,1614,47839,3.26,2746.37,53.78,50.9,Baixo,Q2,Q1 (mais baixo),Q1 (mais baixo)
2022,2,2022-S2,2022-12-01,Norte,AM,Amazonas,13,Manaus,Pública,3º ano,30361,2890,27471,9.52,2023.59,32.72,52.7,Alto,Q1 (mais baixo),Q1 (mais baixo),Q1 (mais baixo)
2022,2,2022-S2,2022-12-01,Norte,AM,Amazonas,13,Manaus,Privada,2º ano,24294,1129,23165,4.65,2714.39,72.53,72.1,Médio,Q2,Q4 (mais alto),Q3
2022,2,2022-S2,2022-12-01,Norte,PA,Pará,15,Belém,Pública,3º ano,15998,1592,14406,9.95,2470.76,57.22,67.9,Alto,Q2,Q2,Q2
2022,2,2022-S2,2022-12-01,Norte,PA,Pará,15,Belém,Privada,1º ano,39641,1004,38637,2.53,2633.11,60.68,74.5,Baixo,Q2,Q2,Q3
2022,2,2022-S2,2022-12-01,Norte,PA,Pará,15,Santarém,Pública,2º ano,5022,612,4410,12.19,3809.02,51.4,58.8,Alto,Q4 (mais alto),Q1 (mais baixo),Q2
2022,2,2022-S2,2022-12-01,Norte,PA,Pará,15,Santarém,Privada,1º ano,47082,2312,44770,4.91,2010.73,70.43,52.9,Médio,Q1 (mais baixo),Q3,Q1 (mais baixo)
2022,2,2022-S2,2022-12-01,Norte,RO,Rondônia,11,Porto Velho,Pública,3º ano,47503,1734,45769,3.65,2419.25,46.25,55.0,Baixo,Q2,Q1 (mais baixo),Q1 (mais baixo)
2022,2,2022-S2,2022-12-01,Norte,RO,Rondônia,11,Porto Velho,Privada,2º ano,12135,514,11621,4.24,3644.38,72.34,55.5,Médio,Q4 (mais alto),Q3,Q1 (mais baixo)
2022,2,2022-S2,2022-12-01,Norte,TO,Tocantins,17,Palmas,Pública,2º ano,29286,2803,26483,9.57,3896.61,58.54,82.1,Alto,Q4 (mais alto),Q2,Q3
2022,2,2022-S2,2022-12-01,Norte,TO,Tocantins,17,Palmas,Privada,1º ano,33041,1017,32024,3.08,2402.67,78.4,63.1,Baixo,Q2,Q4 (mais alto),Q2
2022,2,2022-S2,2022-12-01,Nordeste,BA,Bahia,29,Salvador,Pública,1º ano,27989,2218,25771,7.92,3479.29,68.93,82.4,Médio,Q4 (mais alto),Q3,Q4 (mais alto)
2022,2,2022-S2,2022-12-01,Nordeste,BA,Bahia,29,Salvador,Privada,2º ano,45181,2479,42702,5.49,2137.22,63.52,69.0,Médio,Q1 (mais baixo),Q2,Q2
2022,2,2022-S2,2022-12-01,Nordeste,BA,Bahia,29,Feira de Santana,Pública,3º ano,21865,2727,19138,12.47,2287.59,64.98,84.5,Alto,Q1 (mais baixo),Q3,Q4 (mais alto)
2022,2,2022-S2,2022-12-01,Nordeste,BA,Bahia,29,Feira de Santana,Privada,2º ano,25395,152,25243,0.6,2666.93,56.71,50.5,Baixo,Q2,Q2,Q1 (mais baixo)
2022,2,2022-S2,2022-12-01,Nordeste,PE,Pernambuco,26,Recife,Pública,1º ano,14354,1656,12698,11.54,3161.05,59.36,66.6,Alto,Q3,Q2,Q2
2022,2,2022-S2,2022-12-01,Nordeste,PE,Pernambuco,26,Recife,Privada,2º ano,4478,50,4428,1.12,3229.99,52.54,87.7,Baixo,Q3,Q1 (mais baixo),Q4 (mais alto)
2022,2,2022-S2,2022-12-01,Nordeste,PE,Pernambuco,26,Jaboatão dos Guararapes,Pública,1º ano,29459,3198,26261,10.86,2776.42,49.6,55.0,Alto,Q2,Q1 (mais baixo),Q1 (mais baixo)
2022,2,2022-S2,2022-12-01,Nordeste,PE,Pernambuco,26,Jaboatão dos Guararapes,Privada,2º ano,48538,2300,46238,4.74,2431.56,60.87,88.8,Médio,Q2,Q2,Q4 (mais alto)
2022,2,2022-S2,2022-12-01,Nordeste,CE,Ceará,23,Fortaleza,Pública,1º ano,35851,3747,32104,10.45,3241.23,71.0,57.2,Alto,Q3,Q3,Q2
2022,2,2022-S2,2022-12-01,Nordeste,CE,Ceará,23,Fortaleza,Privada,1º ano,1762,86,1676,4.88,2355.68,71.57,46.9,Médio,Q1 (mais baixo),Q3,Q1 (mais baixo)
2022,2,2022-S2,2022-12-01,Nordeste,CE,Ceará,23,Juazeiro do Norte,Pública,1º ano,48245,6400,41845,13.27,2145.96,53.43,55.2,Crítico,Q1 (mais baixo),Q1 (mais baixo),Q1 (mais baixo)
2022,2,2022-S2,2022-12-01,Nordeste,CE,Ceará,23,Juazeiro do Norte,Privada,2º ano,47893,2429,45464,5.07,2492.03,63.96,55.4,Médio,Q2,Q2,Q1 (mais baixo)
2022,2,2022-S2,2022-12-01,Nordeste,MA,Maranhão,21,São Luís,Pública,1º ano,44145,5858,38287,13.27,1883.68,69.8,63.6,Crítico,Q1 (mais baixo),Q3,Q2
2022,2,2022-S2,2022-12-01,Nordeste,MA,Maranhão,21,São Luís,Privada,2º ano,10264,297,9967,2.89,2073.72,76.12,92.1,Baixo,Q1 (mais baixo),Q4 (mais alto),Q4 (mais alto)
2022,2,2022-S2,2022-12-01,Nordeste,PB,Paraíba,25,João Pessoa,Pública,1º ano,45563,3922,41641,8.61,2229.12,66.98,46.5,Alto,Q1 (mais baixo),Q3,Q1 (mais baixo)
2022,2,2022-S2,2022-12-01,Nordeste,PB,Paraíba,25,João Pessoa,Privada,2º ano,19910,1065,18845,5.35,2299.03,54.36,80.1,Médio,Q1 (mais baixo),Q1 (mais baixo),Q3
2022,2,2022-S2,2022-12-01,Centro-Oeste,DF,Distrito Federal,53,Brasília,Pública,1º ano,3733,368,3365,9.86,1390.72,77.39,69.9,Alto,Q1 (mais baixo),Q4 (mais alto),Q2
2022,2,2022-S2,2022-12-01,Centro-Oeste,DF,Distrito Federal,53,Brasília,Privada,3º ano,15177,736,14441,4.85,2219.29,91.07,73.1,Médio,Q1 (mais baixo),Q4 (mais alto),Q3
2022,2,2022-S2,2022-12-01,Centro-Oeste,GO,Goiás,52,Goiânia,Pública,3º ano,15521,1655,13866,10.66,4059.83,51.03,78.6,Alto,Q4 (mais alto),Q1 (mais baixo),Q3
2022,2,2022-S2,2022-12-01,Centro-Oeste,GO,Goiás,52,Goiânia,Privada,3º ano,29532,458,29074,1.55,3465.47,50.31,92.5,Baixo,Q4 (mais alto),Q1 (mais baixo),Q4 (mais alto)
2022,2,2022-S2,2022-12-01,Centro-Oeste,GO,Goiás,52,Aparecida de Goiânia,Pública,3º ano,39951,3096,36855,7.75,3724.45,59.07,57.0,Médio,Q4 (mais alto),Q2,Q2
2022,2,2022-S2,2022-12-01,Centro-Oeste,GO,Goiás,52,Aparecida de Goiânia,Privada,2º ano,34413,674,33739,1.96,2829.39,82.24,83.9,Baixo,Q3,Q4 (mais alto),Q4 (mais alto)
2022,2,2022-S2,2022-12-01,Centro-Oeste,MT,Mato Grosso,51,Cuiabá,Pública,2º ano,17107,1505,15602,8.8,2632.29,69.04,59.4,Alto,Q2,Q3,Q2
2022,2,2022-S2,2022-12-01,Centro-Oeste,MT,Mato Grosso,51,Cuiabá,Privada,1º ano,26201,811,25390,3.1,3994.12,68.92,90.8,Baixo,Q4 (mais alto),Q3,Q4 (mais alto)
2022,2,2022-S2,2022-12-01,Centro-Oeste,MS,Mato Grosso do Sul,50,Campo Grande,Pública,3º ano,49335,5749,43586,11.65,2724.66,74.63,82.4,Alto,Q2,Q4 (mais alto),Q4 (mais alto)
2022,2,2022-S2,2022-12-01,Centro-Oeste,MS,Mato Grosso do Sul,50,Campo Grande,Privada,3º ano,7001,72,6929,1.03,2400.74,58.65,57.5,Baixo,Q2,Q2,Q2
2022,2,2022-S2,2022-12-01,Sudeste,SP,São Paulo,35,São Paulo,Pública,2º ano,38394,4022,34372,10.48,2605.54,68.71,86.0,Alto,Q2,Q3,Q4 (mais alto)
2022,2,2022-S2,2022-12-01,Sudeste,SP,São Paulo,35,São Paulo,Privada,3º ano,18887,1051,17836,5.56,2998.44,69.67,77.3,Médio,Q3,Q3,Q3
2022,2,2022-S2,2022-12-01,Sudeste,SP,São Paulo,35,Campinas,Pública,1º ano,2503,314,2189,12.54,2791.2,46.57,49.5,Alto,Q2,Q1 (mais baixo),Q1 (mais baixo)
2022,2,2022-S2,2022-12-01,Sudeste,SP,São Paulo,35,Campinas,Privada,1º ano,36528,1388,35140,3.8,4618.8,94.9,72.9,Baixo,Q4 (mais alto),Q4 (mais alto),Q3
2022,2,2022-S2,2022-12-01,Sudeste,SP,São Paulo,35,Ribeirão Preto,Pública,1º ano,31581,2730,28851,8.64,2441.14,47.93,62.5,Alto,Q2,Q1 (mais baixo),Q2
2022,2,2022-S2,2022-12-01,Sudeste,SP,São Paulo,35,Ribeirão Preto,Privada,1º ano,49531,1078,48453,2.18,3071.62,54.51,58.3,Baixo,Q3,Q1 (mais baixo),Q2
2022,2,2022-S2,2022-12-01,Sudeste,RJ,Rio de Janeiro,33,Rio de Janeiro,Pública,3º ano,27762,2469,25293,8.89,3328.26,61.62,81.6,Alto,Q4 (mais alto),Q2,Q3
2022,2,2022-S2,2022-12-01,Sudeste,RJ,Rio de Janeiro,33,Rio de Janeiro,Privada,1º ano,16121,1481,14640,9.19,3076.73,64.53,88.6,Alto,Q3,Q3,Q4 (mais alto)
2022,2,2022-S2,2022-12-01,Sudeste,RJ,Rio de Janeiro,33,Niterói,Pública,2º ano,12148,1366,10782,11.24,3290.03,72.11,45.7,Alto,Q4 (mais alto),Q3,Q1 (mais baixo)
2022,2,2022-S2,2022-12-01,Sudeste,RJ,Rio de Janeiro,33,Niterói,Privada,3º ano,30923,1785,29138,5.77,1529.46,79.09,49.6,Médio,Q1 (mais baixo),Q4 (mais alto),Q1 (mais baixo)
2022,2,2022-S2,2022-12-01,Sudeste,RJ,Rio de Janeiro,33,Nova Iguaçu,Pública,1º ano,35154,3082,32072,8.77,1474.76,70.31,81.3,Alto,Q1 (mais baixo),Q3,Q3
2022,2,2022-S2,2022-12-01,Sudeste,RJ,Rio de Janeiro,33,Nova Iguaçu,Privada,2º ano,1504,38,1466,2.53,3123.87,63.93,72.8,Baixo,Q3,Q2,Q3
2022,2,2022-S2,2022-12-01,Sudeste,RJ,Rio de Janeiro,33,Petrópolis,Pública,2º ano,41018,4006,37012,9.77,3903.49,75.49,64.1,Alto,Q4 (mais alto),Q4 (mais alto),Q2
2022,2,2022-S2,2022-12-01,Sudeste,RJ,Rio de Janeiro,33,Petrópolis,Privada,2º ano,41029,1968,39061,4.8,1999.8,40.2,85.7,Médio,Q1 (mais baixo),Q1 (mais baixo),Q4 (mais alto)
2022,2,2022-S2,2022-12-01,Sudeste,MG,Minas Gerais,31,Belo Horizonte,Pública,2º ano,46394,5474,40920,11.8,3340.41,70.18,92.2,Alto,Q4 (mais alto),Q3,Q4 (mais alto)
2022,2,2022-S2,2022-12-01,Sudeste,MG,Minas Gerais,31,Belo Horizonte,Privada,2º ano,20362,1161,19201,5.7,2972.86,81.48,54.2,Médio,Q3,Q4 (mais alto),Q1 (mais baixo)
2022,2,2022-S2,2022-12-01,Sudeste,MG,Minas Gerais,31,Uberlândia,Pública,2º ano,30875,1936,28939,6.27,2394.4,55.35,53.0,Médio,Q2,Q1 (mais baixo),Q1 (mais baixo)
2022,2,2022-S2,2022-12-01,Sudeste,MG,Minas Gerais,31,Uberlândia,Privada,1º ano,41121,1697,39424,4.13,2507.82,65.93,64.6,Médio,Q2,Q3,Q2
2022,2,2022-S2,2022-12-01,Sudeste,MG,Minas Gerais,31,Juiz de Fora,Pública,3º ano,25251,3046,22205,12.06,2132.81,53.44,82.1,Alto,Q1 (mais baixo),Q1 (mais baixo),Q3
2022,2,2022-S2,2022-12-01,Sudeste,MG,Minas Gerais,31,Juiz de Fora,Privada,2º ano,44912,2298,42614,5.12,2909.56,85.9,86.9,Médio,Q3,Q4 (mais alto),Q4 (mais alto)
2022,2,2022-S2,2022-12-01,Sudeste,ES,Espírito Santo,32,Vitória,Pública,3º ano,15721,1897,13824,12.07,1819.41,76.43,50.6,Alto,Q1 (mais baixo),Q4 (mais alto),Q1 (mais baixo)
2022,2,2022-S2,2022-12-01,Sudeste,ES,Espírito Santo,32,Vitória,Privada,2º ano,33843,1792,32051,5.3,2381.81,66.99,86.2,Médio,Q2,Q3,Q4 (mais alto)
2022,2,2022-S2,2022-12-01,Sudeste,ES,Espírito Santo,32,Vila Velha,Pública,1º ano,31527,3553,27974,11.27,2694.01,38.17,52.2,Alto,Q2,Q1 (mais baixo),Q1 (mais baixo)
2022,2,2022-S2,2022-12-01,Sudeste,ES,Espírito Santo,32,Vila Velha,Privada,2º ano,32214,1307,30907,4.06,3930.28,61.87,78.1,Médio,Q4 (mais alto),Q2,Q3
2022,2,2022-S2,2022-12-01,Sudeste,ES,Espírito Santo,32,Serra,Pública,2º ano,26069,2774,23295,10.64,1234.18,87.05,60.4,Alto,Q1 (mais baixo),Q4 (mais alto),Q2
2022,2,2022-S2,2022-12-01,Sudeste,ES,Espírito Santo,32,Serra,Privada,3º ano,15715,340,15375,2.16,1226.83,83.89,54.8,Baixo,Q1 (mais baixo),Q4 (mais alto),Q1 (mais baixo)
2022,2,2022-S2,2022-12-01,Sul,PR,Paraná,41,Curitiba,Pública,1º ano,22349,1796,20553,8.04,2643.17,100.0,85.7,Alto,Q2,Q4 (mais alto),Q4 (mais alto)
2022,2,2022-S2,2022-12-01,Sul,PR,Paraná,41,Curitiba,Privada,3º ano,36636,1401,35235,3.82,2657.3,73.58,55.0,Baixo,Q2,Q4 (mais alto),Q1 (mais baixo)
2022,2,2022-S2,2022-12-01,Sul,PR,Paraná,41,Londrina,Pública,1º ano,45570,5698,39872,12.5,3230.91,82.32,93.7,Alto,Q3,Q4 (mais alto),Q4 (mais alto)
2022,2,2022-S2,2022-12-01,Sul,PR,Paraná,41,Londrina,Privada,1º ano,7213,527,6686,7.31,3326.98,50.81,94.6,Médio,Q4 (mais alto),Q1 (mais baixo),Q4 (mais alto)
2022,2,2022-S2,2022-12-01,Sul,SC,Santa Catarina,42,Florianópolis,Pública,3º ano,26066,2186,23880,8.39,3137.27,57.7,55.5,Alto,Q3,Q2,Q1 (mais baixo)
2022,2,2022-S2,2022-12-01,Sul,SC,Santa Catarina,42,Florianópolis,Privada,2º ano,22046,763,21283,3.46,3502.83,73.78,52.2,Baixo,Q4 (mais alto),Q4 (mais alto),Q1 (mais baixo)
2022,2,2022-S2,2022-12-01,Sul,SC,Santa Catarina,42,Joinville,Pública,1º ano,29041,2088,26953,7.19,1934.35,74.57,81.3,Médio,Q1 (mais baixo),Q4 (mais alto),Q3
2022,2,2022-S2,2022-12-01,Sul,SC,Santa Catarina,42,Joinville,Privada,1º ano,44646,3069,41577,6.87,2393.64,62.44,87.1,Médio,Q2,Q2,Q4 (mais alto)
2022,2,2022-S2,2022-12-01,Sul,RS,Rio Grande do Sul,43,Porto Alegre,Pública,3º ano,41588,2453,39135,5.9,3542.32,71.74,51.9,Médio,Q4 (mais alto),Q3,Q1 (mais baixo)
2022,2,2022-S2,2022-12-01,Sul,RS,Rio Grande do Sul,43,Porto Alegre,Privada,1º ano,22494,1316,21178,5.85,3455.97,61.15,47.8,Médio,Q4 (mais alto),Q2,Q1 (mais baixo)
2022,2,2022-S2,2022-12-01,Sul,RS,Rio Grande do Sul,43,Caxias do Sul,Pública,3º ano,40428,3452,36976,8.54,1947.78,60.12,55.9,Alto,Q1 (mais baixo),Q2,Q1 (mais baixo)
2022,2,2022-S2,2022-12-01,Sul,RS,Rio Grande do Sul,43,Caxias do Sul,Privada,1º ano,7292,314,6978,4.31,2120.14,62.3,77.1,Médio,Q1 (mais baixo),Q2,Q3
2023,1,2023-S1,2023-06-01,Norte,AM,Amazonas,13,Manaus,Pública,1º ano,2191,191,2000,8.72,3419.87,65.55,61.3,Alto,Q4 (mais alto),Q3,Q2
2023,1,2023-S1,2023-06-01,Norte,AM,Amazonas,13,Manaus,Privada,2º ano,14362,952,13410,6.63,3142.72,58.69,46.3,Médio,Q3,Q2,Q1 (mais baixo)
2023,1,2023-S1,2023-06-01,Norte,PA,Pará,15,Belém,Pública,2º ano,25230,2466,22764,9.77,3248.82,54.97,45.1,Alto,Q3,Q1 (mais baixo),Q1 (mais baixo)
2023,1,2023-S1,2023-06-01,Norte,PA,Pará,15,Belém,Privada,1º ano,27720,138,27582,0.5,2367.41,72.32,73.6,Baixo,Q2,Q3,Q3
2023,1,2023-S1,2023-06-01,Norte,PA,Pará,15,Santarém,Pública,3º ano,12419,1542,10877,12.42,3221.55,77.51,47.4,Alto,Q3,Q4 (mais alto),Q1 (mais baixo)
2023,1,2023-S1,2023-06-01,Norte,PA,Pará,15,Santarém,Privada,1º ano,30771,973,29798,3.16,3356.05,89.59,76.4,Baixo,Q4 (mais alto),Q4 (mais alto),Q3
2023,1,2023-S1,2023-06-01,Norte,RO,Rondônia,11,Porto Velho,Pública,1º ano,9210,851,8359,9.24,2512.99,52.68,53.6,Alto,Q2,Q1 (mais baixo),Q1 (mais baixo)
2023,1,2023-S1,2023-06-01,Norte,RO,Rondônia,11,Porto Velho,Privada,3º ano,41803,209,41594,0.5,2068.28,78.22,67.2,Baixo,Q1 (mais baixo),Q4 (mais alto),Q2
2023,1,2023-S1,2023-06-01,Norte,TO,Tocantins,17,Palmas,Pública,3º ano,44654,3945,40709,8.83,2953.56,49.86,57.7,Alto,Q3,Q1 (mais baixo),Q2
2023,1,2023-S1,2023-06-01,Norte,TO,Tocantins,17,Palmas,Privada,3º ano,26989,1006,25983,3.73,1759.24,69.56,46.3,Baixo,Q1 (mais baixo),Q3,Q1 (mais baixo)
2023,1,2023-S1,2023-06-01,Nordeste,BA,Bahia,29,Salvador,Pública,3º ano,2007,234,1773,11.66,2743.6,91.35,56.6,Alto,Q2,Q4 (mais alto),Q1 (mais baixo)
2023,1,2023-S1,2023-06-01,Nordeste,BA,Bahia,29,Salvador,Privada,1º ano,40974,487,40487,1.19,1886.05,65.1,66.2,Baixo,Q1 (mais baixo),Q3,Q2
2023,1,2023-S1,2023-06-01,Nordeste,BA,Bahia,29,Feira de Santana,Pública,2º ano,37438,3939,33499,10.52,3521.27,52.57,51.8,Alto,Q4 (mais alto),Q1 (mais baixo),Q1 (mais baixo)
2023,1,2023-S1,2023-06-01,Nordeste,BA,Bahia,29,Feira de Santana,Privada,3º ano,29040,2803,26237,9.65,3451.95,61.09,68.1,Alto,Q4 (mais alto),Q2,Q2
2023,1,2023-S1,2023-06-01,Nordeste,PE,Pernambuco,26,Recife,Pública,2º ano,8797,912,7885,10.37,3841.94,33.38,93.4,Alto,Q4 (mais alto),Q1 (mais baixo),Q4 (mais alto)
2023,1,2023-S1,2023-06-01,Nordeste,PE,Pernambuco,26,Recife,Privada,2º ano,34837,655,34182,1.88,2406.21,76.14,81.4,Baixo,Q2,Q4 (mais alto),Q3
2023,1,2023-S1,2023-06-01,Nordeste,PE,Pernambuco,26,Jaboatão dos Guararapes,Pública,3º ano,33900,3916,29984,11.55,1640.47,63.87,90.4,Alto,Q1 (mais baixo),Q2,Q4 (mais alto)
2023,1,2023-S1,2023-06-01,Nordeste,PE,Pernambuco,26,Jaboatão dos Guararapes,Privada,1º ano,8630,43,8587,0.5,2845.51,63.65,86.1,Baixo,Q3,Q2,Q4 (mais alto)
2023,1,2023-S1,2023-06-01,Nordeste,CE,Ceará,23,Fortaleza,Pública,3º ano,17391,1557,15834,8.95,2424.93,52.89,84.7,Alto,Q2,Q1 (mais baixo),Q4 (mais alto)
2023,1,2023-S1,2023-06-01,Nordeste,CE,Ceará,23,Fortaleza,Privada,3º ano,46760,1920,44840,4.11,3117.78,82.43,88.2,Médio,Q3,Q4 (mais alto),Q4 (mais alto)
2023,1,2023-S1,2023-06-01,Nordeste,CE,Ceará,23,Juazeiro do Norte,Pública,3º ano,28189,2178,26011,7.73,1000.42,60.44,84.9,Médio,Q1 (mais baixo),Q2,Q4 (mais alto)
2023,1,2023-S1,2023-06-01,Nordeste,CE,Ceará,23,Juazeiro do Norte,Privada,2º ano,41064,1030,40034,2.51,3467.34,58.84,78.0,Baixo,Q4 (mais alto),Q2,Q3
2023,1,2023-S1,2023-06-01,Nordeste,MA,Maranhão,21,São Luís,Pública,1º ano,19797,1602,18195,8.09,2983.38,47.97,76.2,Alto,Q3,Q1 (mais baixo),Q3
2023,1,2023-S1,2023-06-01,Nordeste,MA,Maranhão,21,São Luís,Privada,2º ano,35724,178,35546,0.5,3519.11,56.57,45.5,Baixo,Q4 (mais alto),Q1 (mais baixo),Q1 (mais baixo)
2023,1,2023-S1,2023-06-01,Nordeste,PB,Paraíba,25,João Pessoa,Pública,3º ano,30505,4571,25934,14.98,3318.88,59.94,54.9,Crítico,Q4 (mais alto),Q2,Q1 (mais baixo)
2023,1,2023-S1,2023-06-01,Nordeste,PB,Paraíba,25,João Pessoa,Privada,2º ano,46016,2414,43602,5.25,1050.66,77.81,61.6,Médio,Q1 (mais baixo),Q4 (mais alto),Q2
2023,1,2023-S1,2023-06-01,Centro-Oeste,DF,Distrito Federal,53,Brasília,Pública,3º ano,48703,5437,43266,11.16,3440.22,60.73,71.7,Alto,Q4 (mais alto),Q2,Q3
2023,1,2023-S1,2023-06-01,Centro-Oeste,DF,Distrito Federal,53,Brasília,Privada,3º ano,1797,95,1702,5.29,3071.66,71.73,75.3,Médio,Q3,Q3,Q3
2023,1,2023-S1,2023-06-01,Centro-Oeste,GO,Goiás,52,Goiânia,Pública,3º ano,35149,3840,31309,10.92,3566.88,59.97,54.4,Alto,Q4 (mais alto),Q2,Q1 (mais baixo)
2023,1,2023-S1,2023-06-01,Centro-Oeste,GO,Goiás,52,Goiânia,Privada,1º ano,20496,971,19525,4.74,3491.38,65.54,48.8,Médio,Q4 (mais alto),Q3,Q1 (mais baixo)
2023,1,2023-S1,2023-06-01,Centro-Oeste,GO,Goiás,52,Aparecida de Goiânia,Pública,1º ano,48944,4686,44258,9.57,3244.11,44.17,48.9,Alto,Q3,Q1 (mais baixo),Q1 (mais baixo)
2023,1,2023-S1,2023-06-01,Centro-Oeste,GO,Goiás,52,Aparecida de Goiânia,Privada,2º ano,24383,580,23803,2.38,2352.8,60.84,74.3,Baixo,Q1 (mais baixo),Q2,Q3
2023,1,2023-S1,2023-06-01,Centro-Oeste,MT,Mato Grosso,51,Cuiabá,Pública,1º ano,39112,3357,35755,8.58,2233.05,46.04,93.8,Alto,Q1 (mais baixo),Q1 (mais baixo),Q4 (mais alto)
2023,1,2023-S1,2023-06-01,Centro-Oeste,MT,Mato Grosso,51,Cuiabá,Privada,2º ano,46452,2102,44350,4.53,2533.21,59.32,55.6,Médio,Q2,Q2,Q1 (mais baixo)
2023,1,2023-S1,2023-06-01,Centro-Oeste,MS,Mato Grosso do Sul,50,Campo Grande,Pública,2º ano,35525,3981,31544,11.21,1385.44,59.3,57.6,Alto,Q1 (mais baixo),Q2,Q2
2023,1,2023-S1,2023-06-01,Centro-Oeste,MS,Mato Grosso do Sul,50,Campo Grande,Privada,1º ano,7130,58,7072,0.81,3180.5,80.67,71.7,Baixo,Q3,Q4 (mais alto),Q3
2023,1,2023-S1,2023-06-01,Sudeste,SP,São Paulo,35,São Paulo,Pública,2º ano,38286,3756,34530,9.81,2867.32,77.01,50.3,Alto,Q3,Q4 (mais alto),Q1 (mais baixo)
2023,1,2023-S1,2023-06-01,Sudeste,SP,São Paulo,35,São Paulo,Privada,3º ano,37594,1654,35940,4.4,2260.34,42.16,79.6,Médio,Q1 (mais baixo),Q1 (mais baixo),Q3
2023,1,2023-S1,2023-06-01,Sudeste,SP,São Paulo,35,Campinas,Pública,1º ano,41881,3725,38156,8.89,2593.37,71.4,51.8,Alto,Q2,Q3,Q1 (mais baixo)
2023,1,2023-S1,2023-06-01,Sudeste,SP,São Paulo,35,Campinas,Privada,1º ano,13504,511,12993,3.78,3462.94,52.68,63.5,Baixo,Q4 (mais alto),Q1 (mais baixo),Q2
2023,1,2023-S1,2023-06-01,Sudeste,SP,São Paulo,35,Ribeirão Preto,Pública,3º ano,10919,1110,9809,10.17,2663.96,46.39,63.3,Alto,Q2,Q1 (mais baixo),Q2
2023,1,2023-S1,2023-06-01,Sudeste,SP,São Paulo,35,Ribeirão Preto,Privada,1º ano,40157,2778,37379,6.92,3587.95,62.47,45.5,Médio,Q4 (mais alto),Q2,Q1 (mais baixo)
2023,1,2023-S1,2023-06-01,Sudeste,RJ,Rio de Janeiro,33,Rio de Janeiro,Pública,1º ano,37923,4110,33813,10.84,2355.19,59.1,62.4,Alto,Q1 (mais baixo),Q2,Q2
2023,1,2023-S1,2023-06-01,Sudeste,RJ,Rio de Janeiro,33,Rio de Janeiro,Privada,2º ano,16195,362,15833,2.24,2457.72,76.33,90.8,Baixo,Q2,Q4 (mais alto),Q4 (mais alto)
2023,1,2023-S1,2023-06-01,Sudeste,RJ,Rio de Janeiro,33,Niterói,Pública,3º ano,37279,2704,34575,7.25,3398.72,57.88,81.2,Médio,Q4 (mais alto),Q2,Q3
2023,1,2023-S1,2023-06-01,Sudeste,RJ,Rio de Janeiro,33,Niterói,Privada,3º ano,10654,335,10319,3.14,2395.35,57.06,52.2,Baixo,Q2,Q2,Q1 (mais baixo)
2023,1,2023-S1,2023-06-01,Sudeste,RJ,Rio de Janeiro,33,Nova Iguaçu,Pública,2º ano,9791,676,9115,6.9,2074.15,68.02,48.3,Médio,Q1 (mais baixo),Q3,Q1 (mais baixo)
2023,1,2023-S1,2023-06-01,Sudeste,RJ,Rio de Janeiro,33,Nova Iguaçu,Privada,2º ano,29038,1774,27264,6.11,3366.67,79.09,46.2,Médio,Q4 (mais alto),Q4 (mais alto),Q1 (mais baixo)
2023,1,2023-S1,2023-06-01,Sudeste,RJ,Rio de Janeiro,33,Petrópolis,Pública,1º ano,32712,2901,29811,8.87,2401.12,77.31,70.9,Alto,Q2,Q4 (mais alto),Q3
2023,1,2023-S1,2023-06-01,Sudeste,RJ,Rio de Janeiro,33,Petrópolis,Privada,1º ano,11639,171,11468,1.47,2914.02,60.08,70.2,Baixo,Q3,Q2,Q3
2023,1,2023-S1,2023-06-01,Sudeste,MG,Minas Gerais,31,Belo Horizonte,Pública,1º ano,34974,3363,31611,9.62,2578.99,60.1,88.1,Alto,Q2,Q2,Q4 (mais alto)
2023,1,2023-S1,2023-06-01,Sudeste,MG,Minas Gerais,31,Belo Horizonte,Privada,1º ano,22748,1536,21212,6.75,3083.83,71.31,65.1,Médio,Q3,Q3,Q2
2023,1,2023-S1,2023-06-01,Sudeste,MG,Minas Gerais,31,Uberlândia,Pública,3º ano,49753,5491,44262,11.04,2879.46,65.79,63.0,Alto,Q3,Q3,Q2
2023,1,2023-S1,2023-06-01,Sudeste,MG,Minas Gerais,31,Uberlândia,Privada,1º ano,12139,393,11746,3.24,2820.98,45.18,56.5,Baixo,Q2,Q1 (mais baixo),Q1 (mais baixo)
2023,1,2023-S1,2023-06-01,Sudeste,MG,Minas Gerais,31,Juiz de Fora,Pública,1º ano,12869,1053,11816,8.18,2516.83,54.94,60.3,Alto,Q2,Q1 (mais baixo),Q2
2023,1,2023-S1,2023-06-01,Sudeste,MG,Minas Gerais,31,Juiz de Fora,Privada,3º ano,38096,1771,36325,4.65,3426.04,63.88,76.0,Médio,Q4 (mais alto),Q2,Q3
2023,1,2023-S1,2023-06-01,Sudeste,ES,Espírito Santo,32,Vitória,Pública,3º ano,46579,6298,40281,13.52,2876.84,60.19,93.5,Crítico,Q3,Q2,Q4 (mais alto)
2023,1,2023-S1,2023-06-01,Sudeste,ES,Espírito Santo,32,Vitória,Privada,1º ano,14781,387,14394,2.62,2728.03,71.17,53.2,Baixo,Q2,Q3,Q1 (mais baixo)
2023,1,2023-S1,2023-06-01,Sudeste,ES,Espírito Santo,32,Vila Velha,Pública,2º ano,1568,182,1386,11.61,1862.18,73.86,64.4,Alto,Q1 (mais baixo),Q4 (mais alto),Q2
2023,1,2023-S1,2023-06-01,Sudeste,ES,Espírito Santo,32,Vila Velha,Privada,3º ano,35816,1846,33970,5.15,2262.74,85.85,80.8,Médio,Q1 (mais baixo),Q4 (mais alto),Q3
2023,1,2023-S1,2023-06-01,Sudeste,ES,Espírito Santo,32,Serra,Pública,1º ano,7349,640,6709,8.71,3008.38,61.77,75.7,Alto,Q3,Q2,Q3
2023,1,2023-S1,2023-06-01,Sudeste,ES,Espírito Santo,32,Serra,Privada,2º ano,25017,1139,23878,4.55,3553.42,84.15,73.2,Médio,Q4 (mais alto),Q4 (mais alto),Q3
2023,1,2023-S1,2023-06-01,Sul,PR,Paraná,41,Curitiba,Pública,3º ano,12308,1271,11037,10.33,2879.96,45.63,45.5,Alto,Q3,Q1 (mais baixo),Q1 (mais baixo)
2023,1,2023-S1,2023-06-01,Sul,PR,Paraná,41,Curitiba,Privada,1º ano,17212,663,16549,3.85,2686.17,65.67,47.1,Baixo,Q2,Q3,Q1 (mais baixo)
2023,1,2023-S1,2023-06-01,Sul,PR,Paraná,41,Londrina,Pública,2º ano,9226,758,8468,8.22,2862.24,85.51,83.1,Alto,Q3,Q4 (mais alto),Q4 (mais alto)
2023,1,2023-S1,2023-06-01,Sul,PR,Paraná,41,Londrina,Privada,3º ano,31922,1513,30409,4.74,2851.86,67.11,70.3,Médio,Q3,Q3,Q3
2023,1,2023-S1,2023-06-01,Sul,SC,Santa Catarina,42,Florianópolis,Pública,2º ano,5684,643,5041,11.31,2818.07,80.28,52.8,Alto,Q2,Q4 (mais alto),Q1 (mais baixo)
2023,1,2023-S1,2023-06-01,Sul,SC,Santa Catarina,42,Florianópolis,Privada,2º ano,12116,583,11533,4.81,1980.07,79.17,93.3,Médio,Q1 (mais baixo),Q4 (mais alto),Q4 (mais alto)
2023,1,2023-S1,2023-06-01,Sul,SC,Santa Catarina,42,Joinville,Pública,2º ano,45775,5287,40488,11.55,2898.77,60.18,46.4,Alto,Q3,Q2,Q1 (mais baixo)
2023,1,2023-S1,2023-06-01,Sul,SC,Santa Catarina,42,Joinville,Privada,3º ano,3109,284,2825,9.13,3739.79,41.58,75.9,Alto,Q4 (mais alto),Q1 (mais baixo),Q3
2023,1,2023-S1,2023-06-01,Sul,RS,Rio Grande do Sul,43,Porto Alegre,Pública,1º ano,36929,4374,32555,11.84,3025.63,83.01,75.2,Alto,Q3,Q4 (mais alto),Q3
2023,1,2023-S1,2023-06-01,Sul,RS,Rio Grande do Sul,43,Porto Alegre,Privada,1º ano,15616,658,14958,4.21,3051.7,63.11,79.1,Médio,Q3,Q2,Q3
2023,1,2023-S1,2023-06-01,Sul,RS,Rio Grande do Sul,43,Caxias do Sul,Pública,3º ano,21474,2371,19103,11.04,3004.97,63.87,60.2,Alto,Q3,Q2,Q2
2023,1,2023-S1,2023-06-01,Sul,RS,Rio Grande do Sul,43,Caxias do Sul,Privada,3º ano,4420,197,4223,4.46,2144.46,79.26,75.6,Médio,Q1 (mais baixo),Q4 (mais alto),Q3
2023,2,2023-S2,2023-12-01,Norte,AM,Amazonas,13,Manaus,Pública,3º ano,5957,574,5383,9.64,2010.42,75.0,90.9,Alto,Q1 (mais baixo),Q4 (mais alto),Q4 (mais alto)
2023,2,2023-S2,2023-12-01,Norte,AM,Amazonas,13,Manaus,Privada,1º ano,6720,504,6216,7.5,4046.68,58.53,49.3,Médio,Q4 (mais alto),Q2,Q1 (mais baixo)
2023,2,2023-S2,2023-12-01,Norte,PA,Pará,15,Belém,Pública,1º ano,15839,1794,14045,11.33,4018.4,82.78,79.8,Alto,Q4 (mais alto),Q4 (mais alto),Q3
2023,2,2023-S2,2023-12-01,Norte,PA,Pará,15,Belém,Privada,3º ano,28966,2030,26936,7.01,2668.7,60.03,76.1,Médio,Q2,Q2,Q3
2023,2,2023-S2,2023-12-01,Norte,PA,Pará,15,Santarém,Pública,3º ano,2839,245,2594,8.63,2119.71,43.79,84.6,Alto,Q1 (mais baixo),Q1 (mais baixo),Q4 (mais alto)
2023,2,2023-S2,2023-12-01,Norte,PA,Pará,15,Santarém,Privada,3º ano,35005,1315,33690,3.76,3044.52,59.65,76.2,Baixo,Q3,Q2,Q3
2023,2,2023-S2,2023-12-01,Norte,RO,Rondônia,11,Porto Velho,Pública,2º ano,7747,460,7287,5.94,3478.84,68.64,64.4,Médio,Q4 (mais alto),Q3,Q2
2023,2,2023-S2,2023-12-01,Norte,RO,Rondônia,11,Porto Velho,Privada,3º ano,16651,850,15801,5.1,2010.74,50.91,92.6,Médio,Q1 (mais baixo),Q1 (mais baixo),Q4 (mais alto)
2023,2,2023-S2,2023-12-01,Norte,TO,Tocantins,17,Palmas,Pública,2º ano,12432,1164,11268,9.36,4167.05,61.85,73.0,Alto,Q4 (mais alto),Q2,Q3
2023,2,2023-S2,2023-12-01,Norte,TO,Tocantins,17,Palmas,Privada,2º ano,14682,680,14002,4.63,3142.31,70.25,46.3,Médio,Q3,Q3,Q1 (mais baixo)
2023,2,2023-S2,2023-12-01,Nordeste,BA,Bahia,29,Salvador,Pública,1º ano,30603,2148,28455,7.02,3814.22,81.69,93.8,Médio,Q4 (mais alto),Q4 (mais alto),Q4 (mais alto)
2023,2,2023-S2,2023-12-01,Nordeste,BA,Bahia,29,Salvador,Privada,2º ano,7282,392,6890,5.38,2386.54,55.83,73.3,Médio,Q2,Q1 (mais baixo),Q3
2023,2,2023-S2,2023-12-01,Nordeste,BA,Bahia,29,Feira de Santana,Pública,2º ano,6055,735,5320,12.14,1896.01,70.2,54.4,Alto,Q1 (mais baixo),Q3,Q1 (mais baixo)
2023,2,2023-S2,2023-12-01,Nordeste,BA,Bahia,29,Feira de Santana,Privada,1º ano,35519,177,35342,0.5,2685.35,68.4,74.5,Baixo,Q2,Q3,Q3
2023,2,2023-S2,2023-12-01,Nordeste,PE,Pernambuco,26,Recife,Pública,3º ano,28179,4093,24086,14.53,2607.36,71.31,69.2,Crítico,Q2,Q3,Q2
2023,2,2023-S2,2023-12-01,Nordeste,PE,Pernambuco,26,Recife,Privada,1º ano,4374,270,4104,6.17,3322.01,66.86,90.6,Médio,Q4 (mais alto),Q3,Q4 (mais alto)
2023,2,2023-S2,2023-12-01,Nordeste,PE,Pernambuco,26,Jaboatão dos Guararapes,Pública,3º ano,47597,5645,41952,11.86,3190.85,79.43,78.8,Alto,Q3,Q4 (mais alto),Q3
2023,2,2023-S2,2023-12-01,Nordeste,PE,Pernambuco,26,Jaboatão dos Guararapes,Privada,1º ano,38011,1663,36348,4.38,2967.59,61.97,78.4,Médio,Q3,Q2,Q3
2023,2,2023-S2,2023-12-01,Nordeste,CE,Ceará,23,Fortaleza,Pública,2º ano,13536,1226,12310,9.06,2953.02,56.49,90.7,Alto,Q3,Q1 (mais baixo),Q4 (mais alto)
2023,2,2023-S2,2023-12-01,Nordeste,CE,Ceará,23,Fortaleza,Privada,1º ano,12055,604,11451,5.01,3023.23,87.24,67.6,Médio,Q3,Q4 (mais alto),Q2
2023,2,2023-S2,2023-12-01,Nordeste,CE,Ceará,23,Juazeiro do Norte,Pública,3º ano,5586,550,5036,9.85,2969.47,57.68,78.9,Alto,Q3,Q2,Q3
2023,2,2023-S2,2023-12-01,Nordeste,CE,Ceará,23,Juazeiro do Norte,Privada,1º ano,3607,46,3561,1.28,1865.36,88.47,93.8,Baixo,Q1 (mais baixo),Q4 (mais alto),Q4 (mais alto)
2023,2,2023-S2,2023-12-01,Nordeste,MA,Maranhão,21,São Luís,Pública,2º ano,33790,2918,30872,8.64,2559.08,64.52,65.9,Alto,Q2,Q2,Q2
2023,2,2023-S2,2023-12-01,Nordeste,MA,Maranhão,21,São Luís,Privada,3º ano,49628,2737,46891,5.52,3306.84,77.25,51.4,Médio,Q4 (mais alto),Q4 (mais alto),Q1 (mais baixo)
2023,2,2023-S2,2023-12-01,Nordeste,PB,Paraíba,25,João Pessoa,Pública,3º ano,8535,879,7656,10.3,2787.79,56.44,83.5,Alto,Q2,Q1 (mais baixo),Q4 (mais alto)
2023,2,2023-S2,2023-12-01,Nordeste,PB,Paraíba,25,João Pessoa,Privada,2º ano,37536,1737,35799,4.63,3553.07,72.05,79.5,Médio,Q4 (mais alto),Q3,Q3
2023,2,2023-S2,2023-12-01,Centro-Oeste,DF,Distrito Federal,53,Brasília,Pública,1º ano,48310,4789,43521,9.91,2697.25,61.58,92.3,Alto,Q2,Q2,Q4 (mais alto)
2023,2,2023-S2,2023-12-01,Centro-Oeste,DF,Distrito Federal,53,Brasília,Privada,3º ano,16912,1047,15865,6.19,3941.44,72.23,78.0,Médio,Q4 (mais alto),Q3,Q3
2023,2,2023-S2,2023-12-01,Centro-Oeste,GO,Goiás,52,Goiânia,Pública,2º ano,1282,161,1121,12.56,1529.47,67.71,89.5,Alto,Q1 (mais baixo),Q3,Q4 (mais alto)
2023,2,2023-S2,2023-12-01,Centro-Oeste,GO,Goiás,52,Goiânia,Privada,2º ano,14029,666,13363,4.75,2877.36,35.34,59.4,Médio,Q3,Q1 (mais baixo),Q2
2023,2,2023-S2,2023-12-01,Centro-Oeste,GO,Goiás,52,Aparecida de Goiânia,Pública,1º ano,31372,2429,28943,7.74,3565.93,57.4,68.1,Médio,Q4 (mais alto),Q2,Q2
2023,2,2023-S2,2023-12-01,Centro-Oeste,GO,Goiás,52,Aparecida de Goiânia,Privada,2º ano,36409,884,35525,2.43,2903.45,78.24,79.6,Baixo,Q3,Q4 (mais alto),Q3
2023,2,2023-S2,2023-12-01,Centro-Oeste,MT,Mato Grosso,51,Cuiabá,Pública,3º ano,35831,2198,33633,6.13,2392.49,51.6,52.1,Médio,Q2,Q1 (mais baixo),Q1 (mais baixo)
2023,2,2023-S2,2023-12-01,Centro-Oeste,MT,Mato Grosso,51,Cuiabá,Privada,2º ano,4511,202,4309,4.48,2800.77,57.55,50.8,Médio,Q2,Q2,Q1 (mais baixo)
2023,2,2023-S2,2023-12-01,Centro-Oeste,MS,Mato Grosso do Sul,50,Campo Grande,Pública,3º ano,11697,1462,10235,12.5,2565.03,71.05,88.9,Alto,Q2,Q3,Q4 (mais alto)
2023,2,2023-S2,2023-12-01,Centro-Oeste,MS,Mato Grosso do Sul,50,Campo Grande,Privada,3º ano,6971,539,6432,7.73,3157.66,61.94,93.8,Médio,Q3,Q2,Q4 (mais alto)
2023,2,2023-S2,2023-12-01,Sudeste,SP,São Paulo,35,São Paulo,Pública,1º ano,23388,2761,20627,11.81,3498.51,43.22,50.0,Alto,Q4 (mais alto),Q1 (mais baixo),Q1 (mais baixo)
2023,2,2023-S2,2023-12-01,Sudeste,SP,São Paulo,35,São Paulo,Privada,3º ano,6775,283,6492,4.18,2874.28,45.86,70.2,Médio,Q3,Q1 (mais baixo),Q3
2023,2,2023-S2,2023-12-01,Sudeste,SP,São Paulo,35,Campinas,Pública,1º ano,11364,1355,10009,11.92,1647.9,53.38,65.1,Alto,Q1 (mais baixo),Q1 (mais baixo),Q2
2023,2,2023-S2,2023-12-01,Sudeste,SP,São Paulo,35,Campinas,Privada,1º ano,28313,576,27737,2.03,3086.54,36.97,46.9,Baixo,Q3,Q1 (mais baixo),Q1 (mais baixo)
2023,2,2023-S2,2023-12-01,Sudeste,SP,São Paulo,35,Ribeirão Preto,Pública,2º ano,36253,3852,32401,10.63,2495.59,59.19,75.4,Alto,Q2,Q2,Q3
2023,2,2023-S2,2023-12-01,Sudeste,SP,São Paulo,35,Ribeirão Preto,Privada,3º ano,43079,2428,40651,5.64,3213.27,60.06,70.2,Médio,Q3,Q2,Q3
2023,2,2023-S2,2023-12-01,Sudeste,RJ,Rio de Janeiro,33,Rio de Janeiro,Pública,1º ano,34786,3067,31719,8.82,2914.48,80.6,69.7,Alto,Q3,Q4 (mais alto),Q2
2023,2,2023-S2,2023-12-01,Sudeste,RJ,Rio de Janeiro,33,Rio de Janeiro,Privada,3º ano,28041,1595,26446,5.69,2708.3,58.82,79.1,Médio,Q2,Q2,Q3
2023,2,2023-S2,2023-12-01,Sudeste,RJ,Rio de Janeiro,33,Niterói,Pública,1º ano,26706,3357,23349,12.57,2362.57,61.33,47.7,Alto,Q2,Q2,Q1 (mais baixo)
2023,2,2023-S2,2023-12-01,Sudeste,RJ,Rio de Janeiro,33,Niterói,Privada,1º ano,19619,635,18984,3.24,2157.92,63.16,65.4,Baixo,Q1 (mais baixo),Q2,Q2
2023,2,2023-S2,2023-12-01,Sudeste,RJ,Rio de Janeiro,33,Nova Iguaçu,Pública,1º ano,19875,2014,17861,10.13,1947.67,66.39,63.6,Alto,Q1 (mais baixo),Q3,Q2
2023,2,2023-S2,2023-12-01,Sudeste,RJ,Rio de Janeiro,33,Nova Iguaçu,Privada,1º ano,24630,1331,23299,5.4,2835.1,76.46,88.5,Médio,Q3,Q4 (mais alto),Q4 (mais alto)
2023,2,2023-S2,2023-12-01,Sudeste,RJ,Rio de Janeiro,33,Petrópolis,Pública,1º ano,18425,2079,16346,11.28,3092.2,78.14,76.6,Alto,Q3,Q4 (mais alto),Q3
2023,2,2023-S2,2023-12-01,Sudeste,RJ,Rio de Janeiro,33,Petrópolis,Privada,1º ano,49989,2908,47081,5.82,2880.7,71.72,89.1,Médio,Q3,Q3,Q4 (mais alto)
2023,2,2023-S2,2023-12-01,Sudeste,MG,Minas Gerais,31,Belo Horizonte,Pública,3º ano,25280,2912,22368,11.52,2489.29,73.0,56.4,Alto,Q2,Q4 (mais alto),Q1 (mais baixo)
2023,2,2023-S2,2023-12-01,Sudeste,MG,Minas Gerais,31,Belo Horizonte,Privada,1º ano,25050,1000,24050,3.99,2376.79,65.69,60.0,Baixo,Q2,Q3,Q2
2023,2,2023-S2,2023-12-01,Sudeste,MG,Minas Gerais,31,Uberlândia,Pública,1º ano,38498,4052,34446,10.53,2078.44,75.67,53.3,Alto,Q1 (mais baixo),Q4 (mais alto),Q1 (mais baixo)
2023,2,2023-S2,2023-12-01,Sudeste,MG,Minas Gerais,31,Uberlândia,Privada,3º ano,33344,1744,31600,5.23,3134.19,56.81,62.4,Médio,Q3,Q2,Q2
2023,2,2023-S2,2023-12-01,Sudeste,MG,Minas Gerais,31,Juiz de Fora,Pública,3º ano,19569,1939,17630,9.91,2146.98,67.17,55.5,Alto,Q1 (mais baixo),Q3,Q1 (mais baixo)
2023,2,2023-S2,2023-12-01,Sudeste,MG,Minas Gerais,31,Juiz de Fora,Privada,2º ano,32343,1176,31167,3.64,2934.26,77.01,84.8,Baixo,Q3,Q4 (mais alto),Q4 (mais alto)
2023,2,2023-S2,2023-12-01,Sudeste,ES,Espírito Santo,32,Vitória,Pública,3º ano,10807,734,10073,6.79,2032.32,68.94,80.1,Médio,Q1 (mais baixo),Q3,Q3
2023,2,2023-S2,2023-12-01,Sudeste,ES,Espírito Santo,32,Vitória,Privada,1º ano,19181,1673,17508,8.72,4007.95,56.48,49.2,Alto,Q4 (mais alto),Q1 (mais baixo),Q1 (mais baixo)
2023,2,2023-S2,2023-12-01,Sudeste,ES,Espírito Santo,32,Vila Velha,Pública,1º ano,17566,2132,15434,12.14,1511.54,65.14,73.2,Alto,Q1 (mais baixo),Q3,Q3
2023,2,2023-S2,2023-12-01,Sudeste,ES,Espírito Santo,32,Vila Velha,Privada,3º ano,20290,403,19887,1.99,2857.7,61.87,67.2,Baixo,Q3,Q2,Q2
2023,2,2023-S2,2023-12-01,Sudeste,ES,Espírito Santo,32,Serra,Pública,1º ano,1164,133,1031,11.43,2301.57,62.7,65.7,Alto,Q1 (mais baixo),Q2,Q2
2023,2,2023-S2,2023-12-01,Sudeste,ES,Espírito Santo,32,Serra,Privada,1º ano,18739,974,17765,5.2,2989.08,65.77,71.3,Médio,Q3,Q3,Q3
2023,2,2023-S2,2023-12-01,Sul,PR,Paraná,41,Curitiba,Pública,2º ano,21053,2230,18823,10.59,4322.5,83.11,73.0,Alto,Q4 (mais alto),Q4 (mais alto),Q3
2023,2,2023-S2,2023-12-01,Sul,PR,Paraná,41,Curitiba,Privada,3º ano,4317,184,4133,4.26,2222.6,77.12,82.4,Médio,Q1 (mais baixo),Q4 (mais alto),Q4 (mais alto)
2023,2,2023-S2,2023-12-01,Sul,PR,Paraná,41,Londrina,Pública,3º ano,47060,4241,42819,9.01,3360.4,55.81,55.8,Alto,Q4 (mais alto),Q1 (mais baixo),Q1 (mais baixo)
2023,2,2023-S2,2023-12-01,Sul,PR,Paraná,41,Londrina,Privada,2º ano,35153,1581,33572,4.5,1918.19,83.37,78.5,Médio,Q1 (mais baixo),Q4 (mais alto),Q3
2023,2,2023-S2,2023-12-01,Sul,SC,Santa Catarina,42,Florianópolis,Pública,1º ano,38418,4082,34336,10.63,3520.86,62.6,56.2,Alto,Q4 (mais alto),Q2,Q1 (mais baixo)
2023,2,2023-S2,2023-12-01,Sul,SC,Santa Catarina,42,Florianópolis,Privada,3º ano,30759,737,30022,2.4,3229.26,47.18,93.8,Baixo,Q3,Q1 (mais baixo),Q4 (mais alto)
2023,2,2023-S2,2023-12-01,Sul,SC,Santa Catarina,42,Joinville,Pública,2º ano,24338,2248,22090,9.24,1728.15,53.31,87.1,Alto,Q1 (mais baixo),Q1 (mais baixo),Q4 (mais alto)
2023,2,2023-S2,2023-12-01,Sul,SC,Santa Catarina,42,Joinville,Privada,3º ano,22008,813,21195,3.69,2542.85,70.42,85.8,Baixo,Q2,Q3,Q4 (mais alto)
2023,2,2023-S2,2023-12-01,Sul,RS,Rio Grande do Sul,43,Porto Alegre,Pública,1º ano,36293,3539,32754,9.75,3840.83,74.44,84.4,Alto,Q4 (mais alto),Q4 (mais alto),Q4 (mais alto)
2023,2,2023-S2,2023-12-01,Sul,RS,Rio Grande do Sul,43,Porto Alegre,Privada,3º ano,16393,203,16190,1.24,3334.48,67.6,89.5,Baixo,Q4 (mais alto),Q3,Q4 (mais alto)
2023,2,2023-S2,2023-12-01,Sul,RS,Rio Grande do Sul,43,Caxias do Sul,Pública,3º ano,5521,581,4940,10.52,2078.16,53.49,68.2,Alto,Q1 (mais baixo),Q1 (mais baixo),Q2
2023,2,2023-S2,2023-12-01,Sul,RS,Rio Grande do Sul,43,Caxias do Sul,Privada,1º ano,41871,1266,40605,3.02,3311.26,49.38,51.4,Baixo,Q4 (mais alto),Q1 (mais baixo),Q1 (mais baixo)
2024,1,2024-S1,2024-06-01,Norte,AM,Amazonas,13,Manaus,Pública,2º ano,33639,2243,31396,6.67,3598.78,72.22,62.3,Médio,Q4 (mais alto),Q3,Q2
2024,1,2024-S1,2024-06-01,Norte,AM,Amazonas,13,Manaus,Privada,1º ano,40016,1201,38815,3.0,3174.09,66.65,60.8,Baixo,Q3,Q3,Q2
2024,1,2024-S1,2024-06-01,Norte,PA,Pará,15,Belém,Pública,3º ano,26298,2622,23676,9.97,2503.49,72.57,64.3,Alto,Q2,Q4 (mais alto),Q2
2024,1,2024-S1,2024-06-01,Norte,PA,Pará,15,Belém,Privada,1º ano,18015,731,17284,4.06,3487.53,54.52,76.1,Médio,Q4 (mais alto),Q1 (mais baixo),Q3
2024,1,2024-S1,2024-06-01,Norte,PA,Pará,15,Santarém,Pública,2º ano,585,72,513,12.31,1998.09,64.64,90.3,Alto,Q1 (mais baixo),Q3,Q4 (mais alto)
2024,1,2024-S1,2024-06-01,Norte,PA,Pará,15,Santarém,Privada,1º ano,48525,1952,46573,4.02,2584.04,77.09,67.5,Médio,Q2,Q4 (mais alto),Q2
2024,1,2024-S1,2024-06-01,Norte,RO,Rondônia,11,Porto Velho,Pública,2º ano,46480,2893,43587,6.22,2720.43,63.11,53.2,Médio,Q2,Q2,Q1 (mais baixo)
2024,1,2024-S1,2024-06-01,Norte,RO,Rondônia,11,Porto Velho,Privada,3º ano,33715,2286,31429,6.78,1107.37,49.01,87.8,Médio,Q1 (mais baixo),Q1 (mais baixo),Q4 (mais alto)
2024,1,2024-S1,2024-06-01,Norte,TO,Tocantins,17,Palmas,Pública,3º ano,29439,2439,27000,8.28,3274.5,49.02,76.8,Alto,Q3,Q1 (mais baixo),Q3
2024,1,2024-S1,2024-06-01,Norte,TO,Tocantins,17,Palmas,Privada,1º ano,4867,147,4720,3.02,3735.93,52.16,53.5,Baixo,Q4 (mais alto),Q1 (mais baixo),Q1 (mais baixo)
2024,1,2024-S1,2024-06-01,Nordeste,BA,Bahia,29,Salvador,Pública,3º ano,37167,3630,33537,9.77,2374.94,61.03,74.7,Alto,Q2,Q2,Q3
2024,1,2024-S1,2024-06-01,Nordeste,BA,Bahia,29,Salvador,Privada,2º ano,14439,793,13646,5.49,2167.96,85.45,63.5,Médio,Q1 (mais baixo),Q4 (mais alto),Q2
2024,1,2024-S1,2024-06-01,Nordeste,BA,Bahia,29,Feira de Santana,Pública,1º ano,25905,3428,22477,13.23,2711.81,76.06,53.3,Crítico,Q2,Q4 (mais alto),Q1 (mais baixo)
2024,1,2024-S1,2024-06-01,Nordeste,BA,Bahia,29,Feira de Santana,Privada,3º ano,46203,3095,43108,6.7,3228.7,85.62,87.8,Médio,Q3,Q4 (mais alto),Q4 (mais alto)
2024,1,2024-S1,2024-06-01,Nordeste,PE,Pernambuco,26,Recife,Pública,3º ano,15484,1888,13596,12.19,4164.27,49.66,50.2,Alto,Q4 (mais alto),Q1 (mais baixo),Q1 (mais baixo)
2024,1,2024-S1,2024-06-01,Nordeste,PE,Pernambuco,26,Recife,Privada,2º ano,38025,1663,36362,4.37,1841.84,85.46,60.2,Médio,Q1 (mais baixo),Q4 (mais alto),Q2
2024,1,2024-S1,2024-06-01,Nordeste,PE,Pernambuco,26,Jaboatão dos Guararapes,Pública,1º ano,37261,4194,33067,11.26,4239.66,71.35,92.5,Alto,Q4 (mais alto),Q3,Q4 (mais alto)
2024,1,2024-S1,2024-06-01,Nordeste,PE,Pernambuco,26,Jaboatão dos Guararapes,Privada,3º ano,18938,932,18006,4.92,3555.23,60.29,93.3,Médio,Q4 (mais alto),Q2,Q4 (mais alto)
2024,1,2024-S1,2024-06-01,Nordeste,CE,Ceará,23,Fortaleza,Pública,2º ano,5522,639,4883,11.57,3355.6,76.36,66.2,Alto,Q4 (mais alto),Q4 (mais alto),Q2
2024,1,2024-S1,2024-06-01,Nordeste,CE,Ceará,23,Fortaleza,Privada,2º ano,45489,913,44576,2.01,3322.79,74.87,89.6,Baixo,Q4 (mais alto),Q4 (mais alto),Q4 (mais alto)
2024,1,2024-S1,2024-06-01,Nordeste,CE,Ceará,23,Juazeiro do Norte,Pública,3º ano,31075,4827,26248,15.53,1981.8,80.43,90.2,Crítico,Q1 (mais baixo),Q4 (mais alto),Q4 (mais alto)
2024,1,2024-S1,2024-06-01,Nordeste,CE,Ceará,23,Juazeiro do Norte,Privada,2º ano,9050,402,8648,4.44,3102.73,62.26,74.2,Médio,Q3,Q2,Q3
2024,1,2024-S1,2024-06-01,Nordeste,MA,Maranhão,21,São Luís,Pública,2º ano,8928,1113,7815,12.47,2647.79,59.25,60.1,Alto,Q2,Q2,Q2
2024,1,2024-S1,2024-06-01,Nordeste,MA,Maranhão,21,São Luís,Privada,1º ano,2880,78,2802,2.71,2583.24,51.56,79.0,Baixo,Q2,Q1 (mais baixo),Q3
2024,1,2024-S1,2024-06-01,Nordeste,PB,Paraíba,25,João Pessoa,Pública,1º ano,49763,4666,45097,9.38,3369.81,60.25,92.9,Alto,Q4 (mais alto),Q2,Q4 (mais alto)
2024,1,2024-S1,2024-06-01,Nordeste,PB,Paraíba,25,João Pessoa,Privada,3º ano,12767,63,12704,0.49,2576.34,97.62,77.7,Baixo,Q2,Q4 (mais alto),Q3
2024,1,2024-S1,2024-06-01,Centro-Oeste,DF,Distrito Federal,53,Brasília,Pública,1º ano,42573,4374,38199,10.27,3599.26,62.74,73.7,Alto,Q4 (mais alto),Q2,Q3
2024,1,2024-S1,2024-06-01,Centro-Oeste,DF,Distrito Federal,53,Brasília,Privada,1º ano,10321,51,10270,0.49,2625.06,69.98,71.7,Baixo,Q2,Q3,Q3
2024,1,2024-S1,2024-06-01,Centro-Oeste,GO,Goiás,52,Goiânia,Pública,3º ano,48262,4413,43849,9.14,3472.3,51.83,90.8,Alto,Q4 (mais alto),Q1 (mais baixo),Q4 (mais alto)
2024,1,2024-S1,2024-06-01,Centro-Oeste,GO,Goiás,52,Goiânia,Privada,3º ano,47152,638,46514,1.35,2699.7,70.74,79.8,Baixo,Q2,Q3,Q3
2024,1,2024-S1,2024-06-01,Centro-Oeste,GO,Goiás,52,Aparecida de Goiânia,Pública,1º ano,8205,743,7462,9.06,2665.18,49.89,52.2,Alto,Q2,Q1 (mais baixo),Q1 (mais baixo)
2024,1,2024-S1,2024-06-01,Centro-Oeste,GO,Goiás,52,Aparecida de Goiânia,Privada,3º ano,15281,423,14858,2.77,2400.19,64.78,90.9,Baixo,Q2,Q3,Q4 (mais alto)
2024,1,2024-S1,2024-06-01,Centro-Oeste,MT,Mato Grosso,51,Cuiabá,Pública,2º ano,26076,2909,23167,11.16,3558.31,67.74,60.4,Alto,Q4 (mais alto),Q3,Q2
2024,1,2024-S1,2024-06-01,Centro-Oeste,MT,Mato Grosso,51,Cuiabá,Privada,2º ano,22643,1710,20933,7.55,2500.34,51.05,51.2,Médio,Q2,Q1 (mais baixo),Q1 (mais baixo)
2024,1,2024-S1,2024-06-01,Centro-Oeste,MS,Mato Grosso do Sul,50,Campo Grande,Pública,1º ano,42675,3001,39674,7.03,2935.46,51.57,77.6,Médio,Q3,Q1 (mais baixo),Q3
2024,1,2024-S1,2024-06-01,Centro-Oeste,MS,Mato Grosso do Sul,50,Campo Grande,Privada,2º ano,34378,1859,32519,5.41,2275.81,69.79,90.9,Médio,Q1 (mais baixo),Q3,Q4 (mais alto)
2024,1,2024-S1,2024-06-01,Sudeste,SP,São Paulo,35,São Paulo,Pública,1º ano,1521,111,1410,7.3,3107.81,60.72,71.1,Médio,Q3,Q2,Q3
2024,1,2024-S1,2024-06-01,Sudeste,SP,São Paulo,35,São Paulo,Privada,2º ano,28572,1777,26795,6.22,3666.27,71.34,58.5,Médio,Q4 (mais alto),Q3,Q2
2024,1,2024-S1,2024-06-01,Sudeste,SP,São Paulo,35,Campinas,Pública,2º ano,31236,3396,27840,10.87,2495.95,63.92,83.8,Alto,Q2,Q2,Q4 (mais alto)
2024,1,2024-S1,2024-06-01,Sudeste,SP,São Paulo,35,Campinas,Privada,1º ano,38142,2495,35647,6.54,2629.45,48.0,53.2,Médio,Q2,Q1 (mais baixo),Q1 (mais baixo)
2024,1,2024-S1,2024-06-01,Sudeste,SP,São Paulo,35,Ribeirão Preto,Pública,3º ano,27985,3553,24432,12.7,2378.59,67.43,49.8,Alto,Q2,Q3,Q1 (mais baixo)
2024,1,2024-S1,2024-06-01,Sudeste,SP,São Paulo,35,Ribeirão Preto,Privada,1º ano,11654,386,11268,3.31,4003.27,54.54,49.7,Baixo,Q4 (mais alto),Q1 (mais baixo),Q1 (mais baixo)
2024,1,2024-S1,2024-06-01,Sudeste,RJ,Rio de Janeiro,33,Rio de Janeiro,Pública,2º ano,43567,5389,38178,12.37,2752.17,51.99,94.0,Alto,Q2,Q1 (mais baixo),Q4 (mais alto)
2024,1,2024-S1,2024-06-01,Sudeste,RJ,Rio de Janeiro,33,Rio de Janeiro,Privada,2º ano,34023,1232,32791,3.62,2879.7,62.31,48.5,Baixo,Q3,Q2,Q1 (mais baixo)
2024,1,2024-S1,2024-06-01,Sudeste,RJ,Rio de Janeiro,33,Niterói,Pública,1º ano,46184,3373,42811,7.3,3118.79,69.39,46.9,Médio,Q3,Q3,Q1 (mais baixo)
2024,1,2024-S1,2024-06-01,Sudeste,RJ,Rio de Janeiro,33,Niterói,Privada,3º ano,30657,2320,28337,7.57,2525.66,43.74,72.3,Médio,Q2,Q1 (mais baixo),Q3
2024,1,2024-S1,2024-06-01,Sudeste,RJ,Rio de Janeiro,33,Nova Iguaçu,Pública,1º ano,32175,3743,28432,11.63,2628.14,72.63,86.8,Alto,Q2,Q4 (mais alto),Q4 (mais alto)
2024,1,2024-S1,2024-06-01,Sudeste,RJ,Rio de Janeiro,33,Nova Iguaçu,Privada,3º ano,23281,977,22304,4.2,2811.0,37.33,67.6,Médio,Q2,Q1 (mais baixo),Q2
2024,1,2024-S1,2024-06-01,Sudeste,RJ,Rio de Janeiro,33,Petrópolis,Pública,1º ano,38659,3976,34683,10.28,2644.96,80.48,59.7,Alto,Q2,Q4 (mais alto),Q2
2024,1,2024-S1,2024-06-01,Sudeste,RJ,Rio de Janeiro,33,Petrópolis,Privada,3º ano,1393,72,1321,5.17,3037.01,70.92,88.9,Médio,Q3,Q3,Q4 (mais alto)
2024,1,2024-S1,2024-06-01,Sudeste,MG,Minas Gerais,31,Belo Horizonte,Pública,1º ano,31616,3207,28409,10.14,2783.03,58.36,54.6,Alto,Q2,Q2,Q1 (mais baixo)
2024,1,2024-S1,2024-06-01,Sudeste,MG,Minas Gerais,31,Belo Horizonte,Privada,2º ano,34724,2340,32384,6.74,2031.69,64.59,78.5,Médio,Q1 (mais baixo),Q3,Q3
2024,1,2024-S1,2024-06-01,Sudeste,MG,Minas Gerais,31,Uberlândia,Pública,1º ano,45691,5763,39928,12.61,2544.9,66.64,90.4,Alto,Q2,Q3,Q4 (mais alto)
2024,1,2024-S1,2024-06-01,Sudeste,MG,Minas Gerais,31,Uberlândia,Privada,2º ano,44440,2726,41714,6.13,3791.65,54.44,66.9,Médio,Q4 (mais alto),Q1 (mais baixo),Q2
2024,1,2024-S1,2024-06-01,Sudeste,MG,Minas Gerais,31,Juiz de Fora,Pública,2º ano,7023,616,6407,8.77,2832.62,63.41,47.6,Alto,Q3,Q2,Q1 (mais baixo)
2024,1,2024-S1,2024-06-01,Sudeste,MG,Minas Gerais,31,Juiz de Fora,Privada,2º ano,33199,1747,31452,5.26,2055.64,72.51,89.0,Médio,Q1 (mais baixo),Q4 (mais alto),Q4 (mais alto)
2024,1,2024-S1,2024-06-01,Sudeste,ES,Espírito Santo,32,Vitória,Pública,2º ano,18022,1471,16551,8.16,1900.73,56.32,69.3,Alto,Q1 (mais baixo),Q1 (mais baixo),Q2
2024,1,2024-S1,2024-06-01,Sudeste,ES,Espírito Santo,32,Vitória,Privada,1º ano,9476,692,8784,7.3,1713.25,59.14,71.7,Médio,Q1 (mais baixo),Q2,Q3
2024,1,2024-S1,2024-06-01,Sudeste,ES,Espírito Santo,32,Vila Velha,Pública,1º ano,2871,378,2493,13.17,3129.82,64.17,50.9,Crítico,Q3,Q2,Q1 (mais baixo)
2024,1,2024-S1,2024-06-01,Sudeste,ES,Espírito Santo,32,Vila Velha,Privada,3º ano,10814,633,10181,5.85,2366.86,77.77,68.1,Médio,Q2,Q4 (mais alto),Q2
2024,1,2024-S1,2024-06-01,Sudeste,ES,Espírito Santo,32,Serra,Pública,3º ano,11535,1286,10249,11.15,2789.22,63.76,63.5,Alto,Q2,Q2,Q2
2024,1,2024-S1,2024-06-01,Sudeste,ES,Espírito Santo,32,Serra,Privada,1º ano,15493,894,14599,5.77,4179.43,63.36,63.0,Médio,Q4 (mais alto),Q2,Q2
2024,1,2024-S1,2024-06-01,Sul,PR,Paraná,41,Curitiba,Pública,2º ano,8287,435,7852,5.25,3130.92,57.66,61.6,Médio,Q3,Q2,Q2
2024,1,2024-S1,2024-06-01,Sul,PR,Paraná,41,Curitiba,Privada,2º ano,709,3,706,0.42,1703.1,70.8,62.2,Baixo,Q1 (mais baixo),Q3,Q2
2024,1,2024-S1,2024-06-01,Sul,PR,Paraná,41,Londrina,Pública,2º ano,34054,3156,30898,9.27,2807.83,88.47,80.4,Alto,Q2,Q4 (mais alto),Q3
2024,1,2024-S1,2024-06-01,Sul,PR,Paraná,41,Londrina,Privada,1º ano,43485,2618,40867,6.02,2350.62,53.82,56.8,Médio,Q1 (mais baixo),Q1 (mais baixo),Q1 (mais baixo)
2024,1,2024-S1,2024-06-01,Sul,SC,Santa Catarina,42,Florianópolis,Pública,3º ano,47053,6073,40980,12.91,3414.16,49.34,64.8,Alto,Q4 (mais alto),Q1 (mais baixo),Q2
2024,1,2024-S1,2024-06-01,Sul,SC,Santa Catarina,42,Florianópolis,Privada,2º ano,48062,2512,45550,5.23,3894.26,56.28,69.3,Médio,Q4 (mais alto),Q1 (mais baixo),Q2
2024,1,2024-S1,2024-06-01,Sul,SC,Santa Catarina,42,Joinville,Pública,2º ano,32193,3603,28590,11.19,3261.34,40.52,57.1,Alto,Q3,Q1 (mais baixo),Q2
2024,1,2024-S1,2024-06-01,Sul,SC,Santa Catarina,42,Joinville,Privada,1º ano,37823,2485,35338,6.57,2969.05,45.97,84.1,Médio,Q3,Q1 (mais baixo),Q4 (mais alto)
2024,1,2024-S1,2024-06-01,Sul,RS,Rio Grande do Sul,43,Porto Alegre,Pública,2º ano,24997,2273,22724,9.09,3392.91,67.95,81.3,Alto,Q4 (mais alto),Q3,Q3
2024,1,2024-S1,2024-06-01,Sul,RS,Rio Grande do Sul,43,Porto Alegre,Privada,3º ano,26390,1602,24788,6.07,2880.85,65.94,72.8,Médio,Q3,Q3,Q3
2024,1,2024-S1,2024-06-01,Sul,RS,Rio Grande do Sul,43,Caxias do Sul,Pública,1º ano,20456,2109,18347,10.31,2266.28,57.14,46.0,Alto,Q1 (mais baixo),Q2,Q1 (mais baixo)
2024,1,2024-S1,2024-06-01,Sul,RS,Rio Grande do Sul,43,Caxias do Sul,Privada,1º ano,32555,1325,31230,4.07,2446.0,67.27,46.0,Médio,Q2,Q3,Q1 (mais baixo)
2024,2,2024-S2,2024-12-01,Norte,AM,Amazonas,13,Manaus,Pública,3º ano,393,27,366,6.87,3064.05,72.68,65.1,Médio,Q3,Q4 (mais alto),Q2
2024,2,2024-S2,2024-12-01,Norte,AM,Amazonas,13,Manaus,Privada,3º ano,22473,728,21745,3.24,3175.61,66.51,79.0,Baixo,Q3,Q3,Q3
2024,2,2024-S2,2024-12-01,Norte,PA,Pará,15,Belém,Pública,3º ano,27036,2393,24643,8.85,2913.5,61.88,59.5,Alto,Q3,Q2,Q2
2024,2,2024-S2,2024-12-01,Norte,PA,Pará,15,Belém,Privada,2º ano,1497,31,1466,2.07,3937.42,48.89,72.1,Baixo,Q4 (mais alto),Q1 (mais baixo),Q3
2024,2,2024-S2,2024-12-01,Norte,PA,Pará,15,Santarém,Pública,1º ano,19232,2236,16996,11.63,4189.56,47.65,87.4,Alto,Q4 (mais alto),Q1 (mais baixo),Q4 (mais alto)
2024,2,2024-S2,2024-12-01,Norte,PA,Pará,15,Santarém,Privada,2º ano,17743,728,17015,4.1,2543.39,89.02,57.5,Médio,Q2,Q4 (mais alto),Q2
2024,2,2024-S2,2024-12-01,Norte,RO,Rondônia,11,Porto Velho,Pública,3º ano,5571,581,4990,10.43,2128.41,46.99,72.4,Alto,Q1 (mais baixo),Q1 (mais baixo),Q3
2024,2,2024-S2,2024-12-01,Norte,RO,Rondônia,11,Porto Velho,Privada,3º ano,11946,1071,10875,8.97,2997.05,62.61,50.4,Alto,Q3,Q2,Q1 (mais baixo)
2024,2,2024-S2,2024-12-01,Norte,TO,Tocantins,17,Palmas,Pública,1º ano,14392,1478,12914,10.27,1929.7,36.55,51.2,Alto,Q1 (mais baixo),Q1 (mais baixo),Q1 (mais baixo)
2024,2,2024-S2,2024-12-01,Norte,TO,Tocantins,17,Palmas,Privada,2º ano,4743,91,4652,1.92,3419.91,61.72,69.4,Baixo,Q4 (mais alto),Q2,Q2
2024,2,2024-S2,2024-12-01,Nordeste,BA,Bahia,29,Salvador,Pública,3º ano,38590,4163,34427,10.79,3527.6,64.54,65.4,Alto,Q4 (mais alto),Q3,Q2
2024,2,2024-S2,2024-12-01,Nordeste,BA,Bahia,29,Salvador,Privada,3º ano,39900,892,39008,2.24,2703.04,77.01,85.5,Baixo,Q2,Q4 (mais alto),Q4 (mais alto)
2024,2,2024-S2,2024-12-01,Nordeste,BA,Bahia,29,Feira de Santana,Pública,2º ano,37924,3856,34068,10.17,888.97,68.18,68.2,Alto,Q1 (mais baixo),Q3,Q2
2024,2,2024-S2,2024-12-01,Nordeste,BA,Bahia,29,Feira de Santana,Privada,1º ano,21428,478,20950,2.23,1790.42,66.93,83.0,Baixo,Q1 (mais baixo),Q3,Q4 (mais alto)
2024,2,2024-S2,2024-12-01,Nordeste,PE,Pernambuco,26,Recife,Pública,2º ano,13700,1349,12351,9.85,3057.42,74.09,46.8,Alto,Q3,Q4 (mais alto),Q1 (mais baixo)
2024,2,2024-S2,2024-12-01,Nordeste,PE,Pernambuco,26,Recife,Privada,1º ano,12230,685,11545,5.6,3324.5,46.29,72.7,Médio,Q4 (mais alto),Q1 (mais baixo),Q3
2024,2,2024-S2,2024-12-01,Nordeste,PE,Pernambuco,26,Jaboatão dos Guararapes,Pública,2º ano,30016,2384,27632,7.94,3287.48,64.28,91.3,Médio,Q4 (mais alto),Q2,Q4 (mais alto)
2024,2,2024-S2,2024-12-01,Nordeste,PE,Pernambuco,26,Jaboatão dos Guararapes,Privada,3º ano,17017,193,16824,1.13,2219.07,56.61,54.6,Baixo,Q1 (mais baixo),Q1 (mais baixo),Q1 (mais baixo)
2024,2,2024-S2,2024-12-01,Nordeste,CE,Ceará,23,Fortaleza,Pública,2º ano,9541,950,8591,9.96,1826.87,71.37,77.7,Alto,Q1 (mais baixo),Q3,Q3
2024,2,2024-S2,2024-12-01,Nordeste,CE,Ceará,23,Fortaleza,Privada,3º ano,47081,3944,43137,8.38,3627.32,72.66,65.0,Alto,Q4 (mais alto),Q4 (mais alto),Q2
2024,2,2024-S2,2024-12-01,Nordeste,CE,Ceará,23,Juazeiro do Norte,Pública,3º ano,42432,4183,38249,9.86,2617.35,58.79,77.3,Alto,Q2,Q2,Q3
2024,2,2024-S2,2024-12-01,Nordeste,CE,Ceará,23,Juazeiro do Norte,Privada,3º ano,6014,109,5905,1.81,3334.68,70.44,91.2,Baixo,Q4 (mais alto),Q3,Q4 (mais alto)
2024,2,2024-S2,2024-12-01,Nordeste,MA,Maranhão,21,São Luís,Pública,2º ano,12968,1392,11576,10.73,2972.36,79.66,87.7,Alto,Q3,Q4 (mais alto),Q4 (mais alto)
2024,2,2024-S2,2024-12-01,Nordeste,MA,Maranhão,21,São Luís,Privada,3º ano,42229,1499,40730,3.55,3382.11,57.26,84.6,Baixo,Q4 (mais alto),Q2,Q4 (mais alto)
2024,2,2024-S2,2024-12-01,Nordeste,PB,Paraíba,25,João Pessoa,Pública,1º ano,5063,577,4486,11.4,2940.09,56.54,45.4,Alto,Q3,Q1 (mais baixo),Q1 (mais baixo)
2024,2,2024-S2,2024-12-01,Nordeste,PB,Paraíba,25,João Pessoa,Privada,3º ano,7834,327,7507,4.17,3026.2,56.73,71.4,Médio,Q3,Q2,Q3
2024,2,2024-S2,2024-12-01,Centro-Oeste,DF,Distrito Federal,53,Brasília,Pública,2º ano,2697,354,2343,13.13,2745.82,75.38,61.1,Crítico,Q2,Q4 (mais alto),Q2
2024,2,2024-S2,2024-12-01,Centro-Oeste,DF,Distrito Federal,53,Brasília,Privada,2º ano,42701,1464,41237,3.43,1603.87,64.63,47.2,Baixo,Q1 (mais baixo),Q3,Q1 (mais baixo)
2024,2,2024-S2,2024-12-01,Centro-Oeste,GO,Goiás,52,Goiânia,Pública,3º ano,38549,4368,34181,11.33,3300.81,54.73,50.5,Alto,Q4 (mais alto),Q1 (mais baixo),Q1 (mais baixo)
2024,2,2024-S2,2024-12-01,Centro-Oeste,GO,Goiás,52,Goiânia,Privada,1º ano,12964,662,12302,5.11,3092.04,77.99,51.1,Médio,Q3,Q4 (mais alto),Q1 (mais baixo)
2024,2,2024-S2,2024-12-01,Centro-Oeste,GO,Goiás,52,Aparecida de Goiânia,Pública,1º ano,47747,4219,43528,8.84,2414.64,40.92,82.4,Alto,Q2,Q1 (mais baixo),Q4 (mais alto)
2024,2,2024-S2,2024-12-01,Centro-Oeste,GO,Goiás,52,Aparecida de Goiânia,Privada,2º ano,40399,508,39891,1.26,3412.19,71.64,72.6,Baixo,Q4 (mais alto),Q3,Q3
2024,2,2024-S2,2024-12-01,Centro-Oeste,MT,Mato Grosso,51,Cuiabá,Pública,1º ano,36578,3789,32789,10.36,2986.71,54.55,52.2,Alto,Q3,Q1 (mais baixo),Q1 (mais baixo)
2024,2,2024-S2,2024-12-01,Centro-Oeste,MT,Mato Grosso,51,Cuiabá,Privada,3º ano,28461,642,27819,2.26,2009.94,59.44,46.7,Baixo,Q1 (mais baixo),Q2,Q1 (mais baixo)
2024,2,2024-S2,2024-12-01,Centro-Oeste,MS,Mato Grosso do Sul,50,Campo Grande,Pública,1º ano,23133,3052,20081,13.19,3256.4,65.42,94.2,Crítico,Q3,Q3,Q4 (mais alto)
2024,2,2024-S2,2024-12-01,Centro-Oeste,MS,Mato Grosso do Sul,50,Campo Grande,Privada,1º ano,36456,702,35754,1.93,2836.69,72.07,81.9,Baixo,Q3,Q3,Q3
2024,2,2024-S2,2024-12-01,Sudeste,SP,São Paulo,35,São Paulo,Pública,1º ano,24995,2772,22223,11.09,3429.44,65.18,52.6,Alto,Q4 (mais alto),Q3,Q1 (mais baixo)
2024,2,2024-S2,2024-12-01,Sudeste,SP,São Paulo,35,São Paulo,Privada,1º ano,7809,461,7348,5.9,3451.39,52.7,56.5,Médio,Q4 (mais alto),Q1 (mais baixo),Q1 (mais baixo)
2024,2,2024-S2,2024-12-01,Sudeste,SP,São Paulo,35,Campinas,Pública,1º ano,17665,1713,15952,9.7,3474.45,72.49,54.2,Alto,Q4 (mais alto),Q3,Q1 (mais baixo)
2024,2,2024-S2,2024-12-01,Sudeste,SP,São Paulo,35,Campinas,Privada,2º ano,38406,1038,37368,2.7,3831.33,59.48,87.9,Baixo,Q4 (mais alto),Q2,Q4 (mais alto)
2024,2,2024-S2,2024-12-01,Sudeste,SP,São Paulo,35,Ribeirão Preto,Pública,1º ano,28479,1939,26540,6.81,2983.52,79.13,68.0,Médio,Q3,Q4 (mais alto),Q2
2024,2,2024-S2,2024-12-01,Sudeste,SP,São Paulo,35,Ribeirão Preto,Privada,3º ano,29527,1934,27593,6.55,1815.56,74.96,89.2,Médio,Q1 (mais baixo),Q4 (mais alto),Q4 (mais alto)
2024,2,2024-S2,2024-12-01,Sudeste,RJ,Rio de Janeiro,33,Rio de Janeiro,Pública,3º ano,18802,2311,16491,12.29,2421.39,60.5,58.2,Alto,Q2,Q2,Q2
2024,2,2024-S2,2024-12-01,Sudeste,RJ,Rio de Janeiro,33,Rio de Janeiro,Privada,2º ano,5322,241,5081,4.53,1632.12,65.43,80.0,Médio,Q1 (mais baixo),Q3,Q3
2024,2,2024-S2,2024-12-01,Sudeste,RJ,Rio de Janeiro,33,Niterói,Pública,3º ano,47893,3389,44504,7.08,3114.61,52.86,64.2,Médio,Q3,Q1 (mais baixo),Q2
2024,2,2024-S2,2024-12-01,Sudeste,RJ,Rio de Janeiro,33,Niterói,Privada,3º ano,16548,518,16030,3.13,2444.5,59.37,73.0,Baixo,Q2,Q2,Q3
2024,2,2024-S2,2024-12-01,Sudeste,RJ,Rio de Janeiro,33,Nova Iguaçu,Pública,2º ano,39721,4758,34963,11.98,2693.65,73.88,49.4,Alto,Q2,Q4 (mais alto),Q1 (mais baixo)
2024,2,2024-S2,2024-12-01,Sudeste,RJ,Rio de Janeiro,33,Nova Iguaçu,Privada,1º ano,42939,1714,41225,3.99,2380.4,67.08,62.5,Baixo,Q2,Q3,Q2
2024,2,2024-S2,2024-12-01,Sudeste,RJ,Rio de Janeiro,33,Petrópolis,Pública,1º ano,35677,3669,32008,10.28,3242.56,88.82,60.4,Alto,Q3,Q4 (mais alto),Q2
2024,2,2024-S2,2024-12-01,Sudeste,RJ,Rio de Janeiro,33,Petrópolis,Privada,1º ano,34852,827,34025,2.37,2727.34,54.97,52.8,Baixo,Q2,Q1 (mais baixo),Q1 (mais baixo)
2024,2,2024-S2,2024-12-01,Sudeste,MG,Minas Gerais,31,Belo Horizonte,Pública,1º ano,18792,1970,16822,10.48,3965.08,62.62,48.2,Alto,Q4 (mais alto),Q2,Q1 (mais baixo)
2024,2,2024-S2,2024-12-01,Sudeste,MG,Minas Gerais,31,Belo Horizonte,Privada,3º ano,2139,10,2129,0.47,3788.15,62.04,66.2,Baixo,Q4 (mais alto),Q2,Q2
2024,2,2024-S2,2024-12-01,Sudeste,MG,Minas Gerais,31,Uberlândia,Pública,3º ano,2881,135,2746,4.69,2481.7,61.16,93.0,Médio,Q2,Q2,Q4 (mais alto)
2024,2,2024-S2,2024-12-01,Sudeste,MG,Minas Gerais,31,Uberlândia,Privada,2º ano,42332,1608,40724,3.8,2243.94,69.79,65.5,Baixo,Q1 (mais baixo),Q3,Q2
2024,2,2024-S2,2024-12-01,Sudeste,MG,Minas Gerais,31,Juiz de Fora,Pública,2º ano,10162,1102,9060,10.84,2622.61,59.07,78.9,Alto,Q2,Q2,Q3
2024,2,2024-S2,2024-12-01,Sudeste,MG,Minas Gerais,31,Juiz de Fora,Privada,1º ano,33769,2072,31697,6.14,2649.08,62.97,85.1,Médio,Q2,Q2,Q4 (mais alto)
2024,2,2024-S2,2024-12-01,Sudeste,ES,Espírito Santo,32,Vitória,Pública,3º ano,4111,439,3672,10.68,2752.84,58.96,81.6,Alto,Q2,Q2,Q3
2024,2,2024-S2,2024-12-01,Sudeste,ES,Espírito Santo,32,Vitória,Privada,2º ano,35989,1454,34535,4.04,1452.75,56.95,51.9,Médio,Q1 (mais baixo),Q2,Q1 (mais baixo)
2024,2,2024-S2,2024-12-01,Sudeste,ES,Espírito Santo,32,Vila Velha,Pública,1º ano,15423,2405,13018,15.59,2406.95,51.74,72.5,Crítico,Q2,Q1 (mais baixo),Q3
2024,2,2024-S2,2024-12-01,Sudeste,ES,Espírito Santo,32,Vila Velha,Privada,1º ano,48950,2187,46763,4.47,3095.14,47.84,82.2,Médio,Q3,Q1 (mais baixo),Q4 (mais alto)
2024,2,2024-S2,2024-12-01,Sudeste,ES,Espírito Santo,32,Serra,Pública,1º ano,10451,871,9580,8.33,3674.05,56.4,87.5,Alto,Q4 (mais alto),Q1 (mais baixo),Q4 (mais alto)
2024,2,2024-S2,2024-12-01,Sudeste,ES,Espírito Santo,32,Serra,Privada,3º ano,6381,263,6118,4.12,2823.46,68.73,58.7,Médio,Q3,Q3,Q2
2024,2,2024-S2,2024-12-01,Sul,PR,Paraná,41,Curitiba,Pública,1º ano,2529,250,2279,9.89,2363.67,50.02,64.5,Alto,Q2,Q1 (mais baixo),Q2
2024,2,2024-S2,2024-12-01,Sul,PR,Paraná,41,Curitiba,Privada,2º ano,38472,1370,37102,3.56,2673.37,48.52,84.6,Baixo,Q2,Q1 (mais baixo),Q4 (mais alto)
2024,2,2024-S2,2024-12-01,Sul,PR,Paraná,41,Londrina,Pública,2º ano,18005,1898,16107,10.54,2487.19,58.41,67.6,Alto,Q2,Q2,Q2
2024,2,2024-S2,2024-12-01,Sul,PR,Paraná,41,Londrina,Privada,2º ano,32956,1877,31079,5.7,2152.79,39.76,82.9,Médio,Q1 (mais baixo),Q1 (mais baixo),Q4 (mais alto)
2024,2,2024-S2,2024-12-01,Sul,SC,Santa Catarina,42,Florianópolis,Pública,3º ano,26088,2716,23372,10.41,3188.73,76.23,77.8,Alto,Q3,Q4 (mais alto),Q3
2024,2,2024-S2,2024-12-01,Sul,SC,Santa Catarina,42,Florianópolis,Privada,2º ano,5744,85,5659,1.48,2219.55,70.59,53.0,Baixo,Q1 (mais baixo),Q3,Q1 (mais baixo)
2024,2,2024-S2,2024-12-01,Sul,SC,Santa Catarina,42,Joinville,Pública,2º ano,20657,2417,18240,11.7,2171.02,75.28,47.3,Alto,Q1 (mais baixo),Q4 (mais alto),Q1 (mais baixo)
2024,2,2024-S2,2024-12-01,Sul,SC,Santa Catarina,42,Joinville,Privada,3º ano,34172,762,33410,2.23,3008.12,70.01,73.7,Baixo,Q3,Q3,Q3
2024,2,2024-S2,2024-12-01,Sul,RS,Rio Grande do Sul,43,Porto Alegre,Pública,2º ano,10082,1056,9026,10.47,1353.2,62.93,46.7,Alto,Q1 (mais baixo),Q2,Q1 (mais baixo)
2024,2,2024-S2,2024-12-01,Sul,RS,Rio Grande do Sul,43,Porto Alegre,Privada,1º ano,23982,1357,22625,5.66,2676.84,63.9,58.5,Médio,Q2,Q2,Q2
2024,2,2024-S2,2024-12-01,Sul,RS,Rio Grande do Sul,43,Caxias do Sul,Pública,2º ano,45774,3413,42361,7.46,2949.35,82.74,82.6,Médio,Q3,Q4 (mais alto),Q4 (mais alto)
2024,2,2024-S2,2024-12-01,Sul,RS,Rio Grande do Sul,43,Caxias do Sul,Privada,1º ano,34397,798,33599,2.32,1692.04,65.09,71.0,Baixo,Q1 (mais baixo),Q3,Q3
